solid OpenSCAD_Model
  facet normal -0.904773 -0.425895 0
    outer loop
      vertex -22.701 -18.0357 5
      vertex -22.7219 -17.9913 30
      vertex -22.7219 -17.9913 5
    endloop
  endfacet
  facet normal -0.904773 -0.425895 0
    outer loop
      vertex -22.7219 -17.9913 30
      vertex -22.701 -18.0357 5
      vertex -22.701 -18.0357 30
    endloop
  endfacet
  facet normal -0.425895 -0.904773 0
    outer loop
      vertex -22.4957 -18.241 5
      vertex -22.4513 -18.2619 30
      vertex -22.4957 -18.241 30
    endloop
  endfacet
  facet normal -0.425895 -0.904773 -0
    outer loop
      vertex -22.4513 -18.2619 30
      vertex -22.4957 -18.241 5
      vertex -22.4513 -18.2619 5
    endloop
  endfacet
  facet normal -0.857133 -0.515094 0
    outer loop
      vertex -22.6757 -18.0778 5
      vertex -22.701 -18.0357 30
      vertex -22.701 -18.0357 5
    endloop
  endfacet
  facet normal -0.857133 -0.515094 0
    outer loop
      vertex -22.701 -18.0357 30
      vertex -22.6757 -18.0778 5
      vertex -22.6757 -18.0778 30
    endloop
  endfacet
  facet normal -0.146844 -0.98916 0
    outer loop
      vertex -22.3575 -18.2904 5
      vertex -22.309 -18.2976 30
      vertex -22.3575 -18.2904 30
    endloop
  endfacet
  facet normal -0.146844 -0.98916 -0
    outer loop
      vertex -22.309 -18.2976 30
      vertex -22.3575 -18.2904 5
      vertex -22.309 -18.2976 5
    endloop
  endfacet
  facet normal 0.803413 -0.595423 0
    outer loop
      vertex -21.8735 -18.1172 30
      vertex -21.8443 -18.0778 5
      vertex -21.8443 -18.0778 30
    endloop
  endfacet
  facet normal 0.803413 -0.595423 0
    outer loop
      vertex -21.8443 -18.0778 5
      vertex -21.8735 -18.1172 30
      vertex -21.8735 -18.1172 5
    endloop
  endfacet
  facet normal -0.67054 -0.741874 0
    outer loop
      vertex -22.6136 -18.1536 5
      vertex -22.5772 -18.1865 30
      vertex -22.6136 -18.1536 30
    endloop
  endfacet
  facet normal -0.67054 -0.741874 -0
    outer loop
      vertex -22.5772 -18.1865 30
      vertex -22.6136 -18.1536 5
      vertex -22.5772 -18.1865 5
    endloop
  endfacet
  facet normal -0.741874 -0.67054 0
    outer loop
      vertex -22.6136 -18.1536 5
      vertex -22.6465 -18.1172 30
      vertex -22.6465 -18.1172 5
    endloop
  endfacet
  facet normal -0.741874 -0.67054 0
    outer loop
      vertex -22.6465 -18.1172 30
      vertex -22.6136 -18.1536 5
      vertex -22.6136 -18.1536 30
    endloop
  endfacet
  facet normal 0.425895 -0.904773 0
    outer loop
      vertex -22.0687 -18.2619 5
      vertex -22.0243 -18.241 30
      vertex -22.0687 -18.2619 30
    endloop
  endfacet
  facet normal 0.425895 -0.904773 0
    outer loop
      vertex -22.0243 -18.241 30
      vertex -22.0687 -18.2619 5
      vertex -22.0243 -18.241 5
    endloop
  endfacet
  facet normal 0.98916 -0.146844 0
    outer loop
      vertex -21.7696 -17.8975 30
      vertex -21.7624 -17.849 5
      vertex -21.7624 -17.849 30
    endloop
  endfacet
  facet normal 0.98916 -0.146844 0
    outer loop
      vertex -21.7624 -17.849 5
      vertex -21.7696 -17.8975 30
      vertex -21.7696 -17.8975 5
    endloop
  endfacet
  facet normal -0.338142 -0.941095 0
    outer loop
      vertex -22.4513 -18.2619 5
      vertex -22.4051 -18.2785 30
      vertex -22.4513 -18.2619 30
    endloop
  endfacet
  facet normal -0.338142 -0.941095 -0
    outer loop
      vertex -22.4051 -18.2785 30
      vertex -22.4513 -18.2619 5
      vertex -22.4051 -18.2785 5
    endloop
  endfacet
  facet normal 0.0489209 -0.998803 0
    outer loop
      vertex -22.26 -18.3 5
      vertex -22.211 -18.2976 30
      vertex -22.26 -18.3 30
    endloop
  endfacet
  facet normal 0.0489209 -0.998803 0
    outer loop
      vertex -22.211 -18.2976 30
      vertex -22.26 -18.3 5
      vertex -22.211 -18.2976 5
    endloop
  endfacet
  facet normal 0.970143 -0.242536 0
    outer loop
      vertex -21.7815 -17.9451 30
      vertex -21.7696 -17.8975 5
      vertex -21.7696 -17.8975 30
    endloop
  endfacet
  facet normal 0.970143 -0.242536 0
    outer loop
      vertex -21.7696 -17.8975 5
      vertex -21.7815 -17.9451 30
      vertex -21.7815 -17.9451 5
    endloop
  endfacet
  facet normal -0.242536 -0.970143 0
    outer loop
      vertex -22.4051 -18.2785 5
      vertex -22.3575 -18.2904 30
      vertex -22.4051 -18.2785 30
    endloop
  endfacet
  facet normal -0.242536 -0.970143 -0
    outer loop
      vertex -22.3575 -18.2904 30
      vertex -22.4051 -18.2785 5
      vertex -22.3575 -18.2904 5
    endloop
  endfacet
  facet normal -0.0489209 -0.998803 0
    outer loop
      vertex -22.309 -18.2976 5
      vertex -22.26 -18.3 30
      vertex -22.309 -18.2976 30
    endloop
  endfacet
  facet normal -0.0489209 -0.998803 -0
    outer loop
      vertex -22.26 -18.3 30
      vertex -22.309 -18.2976 5
      vertex -22.26 -18.3 5
    endloop
  endfacet
  facet normal -0.98916 -0.146844 0
    outer loop
      vertex -22.7504 -17.8975 5
      vertex -22.7576 -17.849 30
      vertex -22.7576 -17.849 5
    endloop
  endfacet
  facet normal -0.98916 -0.146844 0
    outer loop
      vertex -22.7576 -17.849 30
      vertex -22.7504 -17.8975 5
      vertex -22.7504 -17.8975 30
    endloop
  endfacet
  facet normal 0.146844 -0.98916 0
    outer loop
      vertex -22.211 -18.2976 5
      vertex -22.1625 -18.2904 30
      vertex -22.211 -18.2976 30
    endloop
  endfacet
  facet normal 0.146844 -0.98916 0
    outer loop
      vertex -22.1625 -18.2904 30
      vertex -22.211 -18.2976 5
      vertex -22.1625 -18.2904 5
    endloop
  endfacet
  facet normal 0.998803 -0.0489209 0
    outer loop
      vertex -21.7624 -17.849 30
      vertex -21.76 -17.8 5
      vertex -21.76 -17.8 30
    endloop
  endfacet
  facet normal 0.998803 -0.0489209 0
    outer loop
      vertex -21.76 -17.8 5
      vertex -21.7624 -17.849 30
      vertex -21.7624 -17.849 5
    endloop
  endfacet
  facet normal 0.242536 -0.970143 0
    outer loop
      vertex -22.1625 -18.2904 5
      vertex -22.1149 -18.2785 30
      vertex -22.1625 -18.2904 30
    endloop
  endfacet
  facet normal 0.242536 -0.970143 0
    outer loop
      vertex -22.1149 -18.2785 30
      vertex -22.1625 -18.2904 5
      vertex -22.1149 -18.2785 5
    endloop
  endfacet
  facet normal 0.67054 -0.741874 0
    outer loop
      vertex -21.9428 -18.1865 5
      vertex -21.9064 -18.1536 30
      vertex -21.9428 -18.1865 30
    endloop
  endfacet
  facet normal 0.67054 -0.741874 0
    outer loop
      vertex -21.9064 -18.1536 30
      vertex -21.9428 -18.1865 5
      vertex -21.9064 -18.1536 5
    endloop
  endfacet
  facet normal -0.998803 -0.0489209 0
    outer loop
      vertex -22.7576 -17.849 5
      vertex -22.76 -17.8 30
      vertex -22.76 -17.8 5
    endloop
  endfacet
  facet normal -0.998803 -0.0489209 0
    outer loop
      vertex -22.76 -17.8 30
      vertex -22.7576 -17.849 5
      vertex -22.7576 -17.849 30
    endloop
  endfacet
  facet normal -0.970143 -0.242536 0
    outer loop
      vertex -22.7385 -17.9451 5
      vertex -22.7504 -17.8975 30
      vertex -22.7504 -17.8975 5
    endloop
  endfacet
  facet normal -0.970143 -0.242536 0
    outer loop
      vertex -22.7504 -17.8975 30
      vertex -22.7385 -17.9451 5
      vertex -22.7385 -17.9451 30
    endloop
  endfacet
  facet normal 0.857133 -0.515094 0
    outer loop
      vertex -21.8443 -18.0778 30
      vertex -21.819 -18.0357 5
      vertex -21.819 -18.0357 30
    endloop
  endfacet
  facet normal 0.857133 -0.515094 0
    outer loop
      vertex -21.819 -18.0357 5
      vertex -21.8443 -18.0778 30
      vertex -21.8443 -18.0778 5
    endloop
  endfacet
  facet normal 0.338142 -0.941095 0
    outer loop
      vertex -22.1149 -18.2785 5
      vertex -22.0687 -18.2619 30
      vertex -22.1149 -18.2785 30
    endloop
  endfacet
  facet normal 0.338142 -0.941095 0
    outer loop
      vertex -22.0687 -18.2619 30
      vertex -22.1149 -18.2785 5
      vertex -22.0687 -18.2619 5
    endloop
  endfacet
  facet normal -0.803413 -0.595423 0
    outer loop
      vertex -22.6465 -18.1172 5
      vertex -22.6757 -18.0778 30
      vertex -22.6757 -18.0778 5
    endloop
  endfacet
  facet normal -0.803413 -0.595423 0
    outer loop
      vertex -22.6757 -18.0778 30
      vertex -22.6465 -18.1172 5
      vertex -22.6465 -18.1172 30
    endloop
  endfacet
  facet normal 0.941095 -0.338142 0
    outer loop
      vertex -21.7981 -17.9913 30
      vertex -21.7815 -17.9451 5
      vertex -21.7815 -17.9451 30
    endloop
  endfacet
  facet normal 0.941095 -0.338142 0
    outer loop
      vertex -21.7815 -17.9451 5
      vertex -21.7981 -17.9913 30
      vertex -21.7981 -17.9913 5
    endloop
  endfacet
  facet normal -0.595423 -0.803413 0
    outer loop
      vertex -22.5772 -18.1865 5
      vertex -22.5378 -18.2157 30
      vertex -22.5772 -18.1865 30
    endloop
  endfacet
  facet normal -0.595423 -0.803413 -0
    outer loop
      vertex -22.5378 -18.2157 30
      vertex -22.5772 -18.1865 5
      vertex -22.5378 -18.2157 5
    endloop
  endfacet
  facet normal 0.515094 -0.857133 0
    outer loop
      vertex -22.0243 -18.241 5
      vertex -21.9822 -18.2157 30
      vertex -22.0243 -18.241 30
    endloop
  endfacet
  facet normal 0.515094 -0.857133 0
    outer loop
      vertex -21.9822 -18.2157 30
      vertex -22.0243 -18.241 5
      vertex -21.9822 -18.2157 5
    endloop
  endfacet
  facet normal 0 0 -1
    outer loop
      vertex -21.7696 -17.8975 5
      vertex -21.76 -17.8 5
      vertex -21.7624 -17.849 5
    endloop
  endfacet
  facet normal 0 0 -1
    outer loop
      vertex -21.7815 -17.9451 5
      vertex -21.76 -17.8 5
      vertex -21.7696 -17.8975 5
    endloop
  endfacet
  facet normal 0 0 -1
    outer loop
      vertex -21.7981 -17.9913 5
      vertex -21.76 -17.8 5
      vertex -21.7815 -17.9451 5
    endloop
  endfacet
  facet normal 0 0 -1
    outer loop
      vertex -21.819 -18.0357 5
      vertex -21.76 -17.8 5
      vertex -21.7981 -17.9913 5
    endloop
  endfacet
  facet normal 0 0 -1
    outer loop
      vertex -21.8443 -18.0778 5
      vertex -21.76 -17.8 5
      vertex -21.819 -18.0357 5
    endloop
  endfacet
  facet normal 0 0 -1
    outer loop
      vertex -21.8735 -18.1172 5
      vertex -21.76 -17.8 5
      vertex -21.8443 -18.0778 5
    endloop
  endfacet
  facet normal 0 0 -1
    outer loop
      vertex -21.9064 -18.1536 5
      vertex -21.76 -17.8 5
      vertex -21.8735 -18.1172 5
    endloop
  endfacet
  facet normal 0 0 -1
    outer loop
      vertex -21.9428 -18.1865 5
      vertex -21.76 -17.8 5
      vertex -21.9064 -18.1536 5
    endloop
  endfacet
  facet normal 0 0 -1
    outer loop
      vertex -21.9822 -18.2157 5
      vertex -21.76 -17.8 5
      vertex -21.9428 -18.1865 5
    endloop
  endfacet
  facet normal 0 0 -1
    outer loop
      vertex -22.0243 -18.241 5
      vertex -21.76 -17.8 5
      vertex -21.9822 -18.2157 5
    endloop
  endfacet
  facet normal 0 0 -1
    outer loop
      vertex -22.0687 -18.2619 5
      vertex -21.76 -17.8 5
      vertex -22.0243 -18.241 5
    endloop
  endfacet
  facet normal 0 0 -1
    outer loop
      vertex -22.1149 -18.2785 5
      vertex -21.76 -17.8 5
      vertex -22.0687 -18.2619 5
    endloop
  endfacet
  facet normal 0 0 -1
    outer loop
      vertex -22.1625 -18.2904 5
      vertex -21.76 -17.8 5
      vertex -22.1149 -18.2785 5
    endloop
  endfacet
  facet normal 0 0 -1
    outer loop
      vertex -22.211 -18.2976 5
      vertex -21.76 -17.8 5
      vertex -22.1625 -18.2904 5
    endloop
  endfacet
  facet normal 0 0 -1
    outer loop
      vertex -22.26 -18.3 5
      vertex -21.76 -17.8 5
      vertex -22.211 -18.2976 5
    endloop
  endfacet
  facet normal 0 0 -1
    outer loop
      vertex -22.309 -18.2976 5
      vertex -21.76 -17.8 5
      vertex -22.26 -18.3 5
    endloop
  endfacet
  facet normal 0 0 -1
    outer loop
      vertex -22.3575 -18.2904 5
      vertex -21.76 -17.8 5
      vertex -22.309 -18.2976 5
    endloop
  endfacet
  facet normal 0 0 -1
    outer loop
      vertex -22.4051 -18.2785 5
      vertex -21.76 -17.8 5
      vertex -22.3575 -18.2904 5
    endloop
  endfacet
  facet normal 0 0 -1
    outer loop
      vertex -22.4513 -18.2619 5
      vertex -21.76 -17.8 5
      vertex -22.4051 -18.2785 5
    endloop
  endfacet
  facet normal 0 0 -1
    outer loop
      vertex -22.4957 -18.241 5
      vertex -21.76 -17.8 5
      vertex -22.4513 -18.2619 5
    endloop
  endfacet
  facet normal 0 0 -1
    outer loop
      vertex -22.5378 -18.2157 5
      vertex -21.76 -17.8 5
      vertex -22.4957 -18.241 5
    endloop
  endfacet
  facet normal 0 0 -1
    outer loop
      vertex -22.5772 -18.1865 5
      vertex -21.76 -17.8 5
      vertex -22.5378 -18.2157 5
    endloop
  endfacet
  facet normal 0 0 -1
    outer loop
      vertex -22.6136 -18.1536 5
      vertex -21.76 -17.8 5
      vertex -22.5772 -18.1865 5
    endloop
  endfacet
  facet normal 0 0 -1
    outer loop
      vertex -22.6465 -18.1172 5
      vertex -21.76 -17.8 5
      vertex -22.6136 -18.1536 5
    endloop
  endfacet
  facet normal 0 0 -1
    outer loop
      vertex -22.6757 -18.0778 5
      vertex -21.76 -17.8 5
      vertex -22.6465 -18.1172 5
    endloop
  endfacet
  facet normal 0 0 -1
    outer loop
      vertex -22.701 -18.0357 5
      vertex -21.76 -17.8 5
      vertex -22.6757 -18.0778 5
    endloop
  endfacet
  facet normal 0 0 -1
    outer loop
      vertex -22.7219 -17.9913 5
      vertex -21.76 -17.8 5
      vertex -22.701 -18.0357 5
    endloop
  endfacet
  facet normal 0 0 -1
    outer loop
      vertex -22.7385 -17.9451 5
      vertex -21.76 -17.8 5
      vertex -22.7219 -17.9913 5
    endloop
  endfacet
  facet normal 0 0 -1
    outer loop
      vertex -22.7504 -17.8975 5
      vertex -21.76 -17.8 5
      vertex -22.7385 -17.9451 5
    endloop
  endfacet
  facet normal 0 0 -1
    outer loop
      vertex -22.7576 -17.849 5
      vertex -21.76 -17.8 5
      vertex -22.7504 -17.8975 5
    endloop
  endfacet
  facet normal 0 0 -1
    outer loop
      vertex -22.76 -17.8 5
      vertex -21.76 -17.8 5
      vertex -22.7576 -17.849 5
    endloop
  endfacet
  facet normal 0.741874 -0.67054 0
    outer loop
      vertex -21.9064 -18.1536 30
      vertex -21.8735 -18.1172 5
      vertex -21.8735 -18.1172 30
    endloop
  endfacet
  facet normal 0.741874 -0.67054 0
    outer loop
      vertex -21.8735 -18.1172 5
      vertex -21.9064 -18.1536 30
      vertex -21.9064 -18.1536 5
    endloop
  endfacet
  facet normal -0.941095 -0.338142 0
    outer loop
      vertex -22.7219 -17.9913 5
      vertex -22.7385 -17.9451 30
      vertex -22.7385 -17.9451 5
    endloop
  endfacet
  facet normal -0.941095 -0.338142 0
    outer loop
      vertex -22.7385 -17.9451 30
      vertex -22.7219 -17.9913 5
      vertex -22.7219 -17.9913 30
    endloop
  endfacet
  facet normal 0.904773 -0.425895 0
    outer loop
      vertex -21.819 -18.0357 30
      vertex -21.7981 -17.9913 5
      vertex -21.7981 -17.9913 30
    endloop
  endfacet
  facet normal 0.904773 -0.425895 0
    outer loop
      vertex -21.7981 -17.9913 5
      vertex -21.819 -18.0357 30
      vertex -21.819 -18.0357 5
    endloop
  endfacet
  facet normal 0.595423 -0.803413 0
    outer loop
      vertex -21.9822 -18.2157 5
      vertex -21.9428 -18.1865 30
      vertex -21.9822 -18.2157 30
    endloop
  endfacet
  facet normal 0.595423 -0.803413 0
    outer loop
      vertex -21.9428 -18.1865 30
      vertex -21.9822 -18.2157 5
      vertex -21.9428 -18.1865 5
    endloop
  endfacet
  facet normal 0 0 1
    outer loop
      vertex -21.76 -17.8 30
      vertex -21.7696 -17.8975 30
      vertex -21.7624 -17.849 30
    endloop
  endfacet
  facet normal 0 0 1
    outer loop
      vertex -21.76 -17.8 30
      vertex -21.7815 -17.9451 30
      vertex -21.7696 -17.8975 30
    endloop
  endfacet
  facet normal 0 0 1
    outer loop
      vertex -21.76 -17.8 30
      vertex -21.7981 -17.9913 30
      vertex -21.7815 -17.9451 30
    endloop
  endfacet
  facet normal 0 0 1
    outer loop
      vertex -21.76 -17.8 30
      vertex -21.819 -18.0357 30
      vertex -21.7981 -17.9913 30
    endloop
  endfacet
  facet normal 0 0 1
    outer loop
      vertex -21.76 -17.8 30
      vertex -21.8443 -18.0778 30
      vertex -21.819 -18.0357 30
    endloop
  endfacet
  facet normal 0 0 1
    outer loop
      vertex -21.76 -17.8 30
      vertex -21.8735 -18.1172 30
      vertex -21.8443 -18.0778 30
    endloop
  endfacet
  facet normal 0 0 1
    outer loop
      vertex -21.76 -17.8 30
      vertex -21.9064 -18.1536 30
      vertex -21.8735 -18.1172 30
    endloop
  endfacet
  facet normal 0 0 1
    outer loop
      vertex -21.76 -17.8 30
      vertex -21.9428 -18.1865 30
      vertex -21.9064 -18.1536 30
    endloop
  endfacet
  facet normal 0 0 1
    outer loop
      vertex -21.76 -17.8 30
      vertex -21.9822 -18.2157 30
      vertex -21.9428 -18.1865 30
    endloop
  endfacet
  facet normal 0 0 1
    outer loop
      vertex -21.76 -17.8 30
      vertex -22.0243 -18.241 30
      vertex -21.9822 -18.2157 30
    endloop
  endfacet
  facet normal 0 0 1
    outer loop
      vertex -21.76 -17.8 30
      vertex -22.0687 -18.2619 30
      vertex -22.0243 -18.241 30
    endloop
  endfacet
  facet normal 0 0 1
    outer loop
      vertex -21.76 -17.8 30
      vertex -22.1149 -18.2785 30
      vertex -22.0687 -18.2619 30
    endloop
  endfacet
  facet normal 0 0 1
    outer loop
      vertex -21.76 -17.8 30
      vertex -22.1625 -18.2904 30
      vertex -22.1149 -18.2785 30
    endloop
  endfacet
  facet normal 0 0 1
    outer loop
      vertex -21.76 -17.8 30
      vertex -22.211 -18.2976 30
      vertex -22.1625 -18.2904 30
    endloop
  endfacet
  facet normal 0 0 1
    outer loop
      vertex -21.76 -17.8 30
      vertex -22.26 -18.3 30
      vertex -22.211 -18.2976 30
    endloop
  endfacet
  facet normal 0 0 1
    outer loop
      vertex -21.76 -17.8 30
      vertex -22.309 -18.2976 30
      vertex -22.26 -18.3 30
    endloop
  endfacet
  facet normal 0 0 1
    outer loop
      vertex -21.76 -17.8 30
      vertex -22.3575 -18.2904 30
      vertex -22.309 -18.2976 30
    endloop
  endfacet
  facet normal 0 0 1
    outer loop
      vertex -21.76 -17.8 30
      vertex -22.4051 -18.2785 30
      vertex -22.3575 -18.2904 30
    endloop
  endfacet
  facet normal 0 0 1
    outer loop
      vertex -21.76 -17.8 30
      vertex -22.4513 -18.2619 30
      vertex -22.4051 -18.2785 30
    endloop
  endfacet
  facet normal 0 0 1
    outer loop
      vertex -21.76 -17.8 30
      vertex -22.4957 -18.241 30
      vertex -22.4513 -18.2619 30
    endloop
  endfacet
  facet normal 0 0 1
    outer loop
      vertex -21.76 -17.8 30
      vertex -22.5378 -18.2157 30
      vertex -22.4957 -18.241 30
    endloop
  endfacet
  facet normal 0 0 1
    outer loop
      vertex -21.76 -17.8 30
      vertex -22.5772 -18.1865 30
      vertex -22.5378 -18.2157 30
    endloop
  endfacet
  facet normal 0 0 1
    outer loop
      vertex -21.76 -17.8 30
      vertex -22.6136 -18.1536 30
      vertex -22.5772 -18.1865 30
    endloop
  endfacet
  facet normal 0 0 1
    outer loop
      vertex -21.76 -17.8 30
      vertex -22.6465 -18.1172 30
      vertex -22.6136 -18.1536 30
    endloop
  endfacet
  facet normal 0 0 1
    outer loop
      vertex -21.76 -17.8 30
      vertex -22.6757 -18.0778 30
      vertex -22.6465 -18.1172 30
    endloop
  endfacet
  facet normal 0 0 1
    outer loop
      vertex -21.76 -17.8 30
      vertex -22.701 -18.0357 30
      vertex -22.6757 -18.0778 30
    endloop
  endfacet
  facet normal 0 0 1
    outer loop
      vertex -21.76 -17.8 30
      vertex -22.7219 -17.9913 30
      vertex -22.701 -18.0357 30
    endloop
  endfacet
  facet normal 0 0 1
    outer loop
      vertex -21.76 -17.8 30
      vertex -22.7385 -17.9451 30
      vertex -22.7219 -17.9913 30
    endloop
  endfacet
  facet normal 0 0 1
    outer loop
      vertex -21.76 -17.8 30
      vertex -22.7504 -17.8975 30
      vertex -22.7385 -17.9451 30
    endloop
  endfacet
  facet normal 0 0 1
    outer loop
      vertex -21.76 -17.8 30
      vertex -22.7576 -17.849 30
      vertex -22.7504 -17.8975 30
    endloop
  endfacet
  facet normal -0 0 1
    outer loop
      vertex -22.76 -17.8 30
      vertex -22.7576 -17.849 30
      vertex -21.76 -17.8 30
    endloop
  endfacet
  facet normal -0.515094 -0.857133 0
    outer loop
      vertex -22.5378 -18.2157 5
      vertex -22.4957 -18.241 30
      vertex -22.5378 -18.2157 30
    endloop
  endfacet
  facet normal -0.515094 -0.857133 -0
    outer loop
      vertex -22.4957 -18.241 30
      vertex -22.5378 -18.2157 5
      vertex -22.4957 -18.241 5
    endloop
  endfacet
  facet normal -0.0489126 -0.998803 0
    outer loop
      vertex -0.0490084 -18.2976 5
      vertex 0 -18.3 30
      vertex -0.0490084 -18.2976 30
    endloop
  endfacet
  facet normal -0.0489126 -0.998803 -0
    outer loop
      vertex 0 -18.3 30
      vertex -0.0490084 -18.2976 5
      vertex 0 -18.3 5
    endloop
  endfacet
  facet normal 0.242549 -0.970139 0
    outer loop
      vertex 0.0975447 -18.2904 5
      vertex 0.145142 -18.2785 30
      vertex 0.0975447 -18.2904 30
    endloop
  endfacet
  facet normal 0.242549 -0.970139 0
    outer loop
      vertex 0.145142 -18.2785 30
      vertex 0.0975447 -18.2904 5
      vertex 0.145142 -18.2785 5
    endloop
  endfacet
  facet normal 0.80313 -0.595804 0
    outer loop
      vertex 0.386505 -18.1172 30
      vertex 0.415734 -18.0778 5
      vertex 0.415734 -18.0778 30
    endloop
  endfacet
  facet normal 0.80313 -0.595804 0
    outer loop
      vertex 0.415734 -18.0778 5
      vertex 0.386505 -18.1172 30
      vertex 0.386505 -18.1172 5
    endloop
  endfacet
  facet normal 0.595306 -0.803499 0
    outer loop
      vertex 0.277784 -18.2157 5
      vertex 0.317196 -18.1865 30
      vertex 0.277784 -18.2157 30
    endloop
  endfacet
  facet normal 0.595306 -0.803499 0
    outer loop
      vertex 0.317196 -18.1865 30
      vertex 0.277784 -18.2157 5
      vertex 0.317196 -18.1865 5
    endloop
  endfacet
  facet normal -0.941542 -0.336897 0
    outer loop
      vertex -0.461939 -17.9913 5
      vertex -0.47847 -17.9451 30
      vertex -0.47847 -17.9451 5
    endloop
  endfacet
  facet normal -0.941542 -0.336897 0
    outer loop
      vertex -0.47847 -17.9451 30
      vertex -0.461939 -17.9913 5
      vertex -0.461939 -17.9913 30
    endloop
  endfacet
  facet normal 0.670976 -0.741479 0
    outer loop
      vertex 0.317196 -18.1865 5
      vertex 0.353553 -18.1536 30
      vertex 0.317196 -18.1865 30
    endloop
  endfacet
  facet normal 0.670976 -0.741479 0
    outer loop
      vertex 0.353553 -18.1536 30
      vertex 0.317196 -18.1865 5
      vertex 0.353553 -18.1536 5
    endloop
  endfacet
  facet normal 0.98916 -0.146844 0
    outer loop
      vertex 0.490392 -17.8975 30
      vertex 0.497592 -17.849 5
      vertex 0.497592 -17.849 30
    endloop
  endfacet
  facet normal 0.98916 -0.146844 0
    outer loop
      vertex 0.497592 -17.849 5
      vertex 0.490392 -17.8975 30
      vertex 0.490392 -17.8975 5
    endloop
  endfacet
  facet normal -0.741347 -0.671122 0
    outer loop
      vertex -0.353553 -18.1536 5
      vertex -0.386505 -18.1172 30
      vertex -0.386505 -18.1172 5
    endloop
  endfacet
  facet normal -0.741347 -0.671122 0
    outer loop
      vertex -0.386505 -18.1172 30
      vertex -0.353553 -18.1536 5
      vertex -0.353553 -18.1536 30
    endloop
  endfacet
  facet normal 0.904152 -0.427212 0
    outer loop
      vertex 0.44096 -18.0357 30
      vertex 0.461939 -17.9913 5
      vertex 0.461939 -17.9913 30
    endloop
  endfacet
  facet normal 0.904152 -0.427212 0
    outer loop
      vertex 0.461939 -17.9913 5
      vertex 0.44096 -18.0357 30
      vertex 0.44096 -18.0357 5
    endloop
  endfacet
  facet normal -0.857798 -0.513986 0
    outer loop
      vertex -0.415734 -18.0778 5
      vertex -0.44096 -18.0357 30
      vertex -0.44096 -18.0357 5
    endloop
  endfacet
  facet normal -0.857798 -0.513986 0
    outer loop
      vertex -0.44096 -18.0357 30
      vertex -0.415734 -18.0778 5
      vertex -0.415734 -18.0778 30
    endloop
  endfacet
  facet normal 0 1 0
    outer loop
      vertex 0.5 -17.8 30
      vertex 0.499999 -17.8 5
      vertex 0.499999 -17.8 30
    endloop
  endfacet
  facet normal 0 1 0
    outer loop
      vertex 0.499999 -17.8 5
      vertex 0.5 -17.8 30
      vertex 0.5 -17.8 5
    endloop
  endfacet
  facet normal 0.0489126 -0.998803 0
    outer loop
      vertex 0 -18.3 5
      vertex 0.0490084 -18.2976 30
      vertex 0 -18.3 30
    endloop
  endfacet
  facet normal 0.0489126 -0.998803 0
    outer loop
      vertex 0.0490084 -18.2976 30
      vertex 0 -18.3 5
      vertex 0.0490084 -18.2976 5
    endloop
  endfacet
  facet normal -0.338149 -0.941093 0
    outer loop
      vertex -0.191341 -18.2619 5
      vertex -0.145142 -18.2785 30
      vertex -0.191341 -18.2619 30
    endloop
  endfacet
  facet normal -0.338149 -0.941093 -0
    outer loop
      vertex -0.145142 -18.2785 30
      vertex -0.191341 -18.2619 5
      vertex -0.145142 -18.2785 5
    endloop
  endfacet
  facet normal -0.670976 -0.741479 0
    outer loop
      vertex -0.353553 -18.1536 5
      vertex -0.317196 -18.1865 30
      vertex -0.353553 -18.1536 30
    endloop
  endfacet
  facet normal -0.670976 -0.741479 -0
    outer loop
      vertex -0.317196 -18.1865 30
      vertex -0.353553 -18.1536 5
      vertex -0.317196 -18.1865 5
    endloop
  endfacet
  facet normal 0 1 0
    outer loop
      vertex -0.5 -17.8 5
      vertex -0.499999 -17.8 30
      vertex -0.499999 -17.8 5
    endloop
  endfacet
  facet normal 0 1 0
    outer loop
      vertex -0.499999 -17.8 30
      vertex -0.5 -17.8 5
      vertex -0.5 -17.8 30
    endloop
  endfacet
  facet normal 0.998795 -0.0490836 0
    outer loop
      vertex 0.497592 -17.849 30
      vertex 0.5 -17.8 5
      vertex 0.5 -17.8 30
    endloop
  endfacet
  facet normal 0.998795 -0.0490836 0
    outer loop
      vertex 0.5 -17.8 5
      vertex 0.497592 -17.849 30
      vertex 0.497592 -17.849 5
    endloop
  endfacet
  facet normal 0.338149 -0.941093 0
    outer loop
      vertex 0.145142 -18.2785 5
      vertex 0.191341 -18.2619 30
      vertex 0.145142 -18.2785 30
    endloop
  endfacet
  facet normal 0.338149 -0.941093 0
    outer loop
      vertex 0.191341 -18.2619 30
      vertex 0.145142 -18.2785 5
      vertex 0.191341 -18.2619 5
    endloop
  endfacet
  facet normal -0.80313 -0.595804 0
    outer loop
      vertex -0.386505 -18.1172 5
      vertex -0.415734 -18.0778 30
      vertex -0.415734 -18.0778 5
    endloop
  endfacet
  facet normal -0.80313 -0.595804 0
    outer loop
      vertex -0.415734 -18.0778 30
      vertex -0.386505 -18.1172 5
      vertex -0.386505 -18.1172 30
    endloop
  endfacet
  facet normal 0.857798 -0.513986 0
    outer loop
      vertex 0.415734 -18.0778 30
      vertex 0.44096 -18.0357 5
      vertex 0.44096 -18.0357 30
    endloop
  endfacet
  facet normal 0.857798 -0.513986 0
    outer loop
      vertex 0.44096 -18.0357 5
      vertex 0.415734 -18.0778 30
      vertex 0.415734 -18.0778 5
    endloop
  endfacet
  facet normal -0.998795 -0.0490836 0
    outer loop
      vertex -0.497592 -17.849 5
      vertex -0.5 -17.8 30
      vertex -0.5 -17.8 5
    endloop
  endfacet
  facet normal -0.998795 -0.0490836 0
    outer loop
      vertex -0.5 -17.8 30
      vertex -0.497592 -17.849 5
      vertex -0.497592 -17.849 30
    endloop
  endfacet
  facet normal -0.98916 -0.146844 0
    outer loop
      vertex -0.490392 -17.8975 5
      vertex -0.497592 -17.849 30
      vertex -0.497592 -17.849 5
    endloop
  endfacet
  facet normal -0.98916 -0.146844 0
    outer loop
      vertex -0.497592 -17.849 30
      vertex -0.490392 -17.8975 5
      vertex -0.490392 -17.8975 30
    endloop
  endfacet
  facet normal 0.146737 -0.989176 0
    outer loop
      vertex 0.0490084 -18.2976 5
      vertex 0.0975447 -18.2904 30
      vertex 0.0490084 -18.2976 30
    endloop
  endfacet
  facet normal 0.146737 -0.989176 0
    outer loop
      vertex 0.0975447 -18.2904 30
      vertex 0.0490084 -18.2976 5
      vertex 0.0975447 -18.2904 5
    endloop
  endfacet
  facet normal -0.426233 -0.904613 0
    outer loop
      vertex -0.235698 -18.241 5
      vertex -0.191341 -18.2619 30
      vertex -0.235698 -18.241 30
    endloop
  endfacet
  facet normal -0.426233 -0.904613 -0
    outer loop
      vertex -0.191341 -18.2619 30
      vertex -0.235698 -18.241 5
      vertex -0.191341 -18.2619 5
    endloop
  endfacet
  facet normal 0 0 -1
    outer loop
      vertex 0.497592 -17.849 5
      vertex 0.499999 -17.8 5
      vertex 0.5 -17.8 5
    endloop
  endfacet
  facet normal 0 0 -1
    outer loop
      vertex 0.490392 -17.8975 5
      vertex 0.499999 -17.8 5
      vertex 0.497592 -17.849 5
    endloop
  endfacet
  facet normal 0 0 -1
    outer loop
      vertex 0.47847 -17.9451 5
      vertex 0.499999 -17.8 5
      vertex 0.490392 -17.8975 5
    endloop
  endfacet
  facet normal 0 0 -1
    outer loop
      vertex 0.461939 -17.9913 5
      vertex 0.499999 -17.8 5
      vertex 0.47847 -17.9451 5
    endloop
  endfacet
  facet normal 0 0 -1
    outer loop
      vertex 0.44096 -18.0357 5
      vertex 0.499999 -17.8 5
      vertex 0.461939 -17.9913 5
    endloop
  endfacet
  facet normal 0 0 -1
    outer loop
      vertex 0.415734 -18.0778 5
      vertex 0.499999 -17.8 5
      vertex 0.44096 -18.0357 5
    endloop
  endfacet
  facet normal 0 0 -1
    outer loop
      vertex 0.386505 -18.1172 5
      vertex 0.499999 -17.8 5
      vertex 0.415734 -18.0778 5
    endloop
  endfacet
  facet normal 0 0 -1
    outer loop
      vertex 0.353553 -18.1536 5
      vertex 0.499999 -17.8 5
      vertex 0.386505 -18.1172 5
    endloop
  endfacet
  facet normal 0 0 -1
    outer loop
      vertex 0.317196 -18.1865 5
      vertex 0.499999 -17.8 5
      vertex 0.353553 -18.1536 5
    endloop
  endfacet
  facet normal 0 0 -1
    outer loop
      vertex 0.277784 -18.2157 5
      vertex 0.499999 -17.8 5
      vertex 0.317196 -18.1865 5
    endloop
  endfacet
  facet normal 0 0 -1
    outer loop
      vertex 0.235698 -18.241 5
      vertex 0.499999 -17.8 5
      vertex 0.277784 -18.2157 5
    endloop
  endfacet
  facet normal 0 0 -1
    outer loop
      vertex 0.191341 -18.2619 5
      vertex 0.499999 -17.8 5
      vertex 0.235698 -18.241 5
    endloop
  endfacet
  facet normal 0 0 -1
    outer loop
      vertex 0.145142 -18.2785 5
      vertex 0.499999 -17.8 5
      vertex 0.191341 -18.2619 5
    endloop
  endfacet
  facet normal 0 0 -1
    outer loop
      vertex 0.0975447 -18.2904 5
      vertex 0.499999 -17.8 5
      vertex 0.145142 -18.2785 5
    endloop
  endfacet
  facet normal 0 0 -1
    outer loop
      vertex 0.0490084 -18.2976 5
      vertex 0.499999 -17.8 5
      vertex 0.0975447 -18.2904 5
    endloop
  endfacet
  facet normal 0 0 -1
    outer loop
      vertex 0 -18.3 5
      vertex 0.499999 -17.8 5
      vertex 0.0490084 -18.2976 5
    endloop
  endfacet
  facet normal 0 0 -1
    outer loop
      vertex -0.0490084 -18.2976 5
      vertex 0.499999 -17.8 5
      vertex 0 -18.3 5
    endloop
  endfacet
  facet normal 0 0 -1
    outer loop
      vertex -0.0975447 -18.2904 5
      vertex 0.499999 -17.8 5
      vertex -0.0490084 -18.2976 5
    endloop
  endfacet
  facet normal 0 0 -1
    outer loop
      vertex -0.145142 -18.2785 5
      vertex 0.499999 -17.8 5
      vertex -0.0975447 -18.2904 5
    endloop
  endfacet
  facet normal 0 0 -1
    outer loop
      vertex -0.191341 -18.2619 5
      vertex 0.499999 -17.8 5
      vertex -0.145142 -18.2785 5
    endloop
  endfacet
  facet normal 0 0 -1
    outer loop
      vertex -0.235698 -18.241 5
      vertex 0.499999 -17.8 5
      vertex -0.191341 -18.2619 5
    endloop
  endfacet
  facet normal 0 0 -1
    outer loop
      vertex -0.277784 -18.2157 5
      vertex 0.499999 -17.8 5
      vertex -0.235698 -18.241 5
    endloop
  endfacet
  facet normal 0 0 -1
    outer loop
      vertex -0.317196 -18.1865 5
      vertex 0.499999 -17.8 5
      vertex -0.277784 -18.2157 5
    endloop
  endfacet
  facet normal 0 0 -1
    outer loop
      vertex -0.353553 -18.1536 5
      vertex 0.499999 -17.8 5
      vertex -0.317196 -18.1865 5
    endloop
  endfacet
  facet normal 0 0 -1
    outer loop
      vertex -0.386505 -18.1172 5
      vertex 0.499999 -17.8 5
      vertex -0.353553 -18.1536 5
    endloop
  endfacet
  facet normal 0 0 -1
    outer loop
      vertex -0.415734 -18.0778 5
      vertex 0.499999 -17.8 5
      vertex -0.386505 -18.1172 5
    endloop
  endfacet
  facet normal 0 0 -1
    outer loop
      vertex -0.44096 -18.0357 5
      vertex 0.499999 -17.8 5
      vertex -0.415734 -18.0778 5
    endloop
  endfacet
  facet normal 0 0 -1
    outer loop
      vertex -0.461939 -17.9913 5
      vertex 0.499999 -17.8 5
      vertex -0.44096 -18.0357 5
    endloop
  endfacet
  facet normal 0 0 -1
    outer loop
      vertex -0.47847 -17.9451 5
      vertex 0.499999 -17.8 5
      vertex -0.461939 -17.9913 5
    endloop
  endfacet
  facet normal 0 0 -1
    outer loop
      vertex -0.490392 -17.8975 5
      vertex 0.499999 -17.8 5
      vertex -0.47847 -17.9451 5
    endloop
  endfacet
  facet normal 0 0 -1
    outer loop
      vertex -0.497592 -17.849 5
      vertex 0.499999 -17.8 5
      vertex -0.490392 -17.8975 5
    endloop
  endfacet
  facet normal 0 0 -1
    outer loop
      vertex -0.497592 -17.849 5
      vertex -0.499999 -17.8 5
      vertex 0.499999 -17.8 5
    endloop
  endfacet
  facet normal -0 -0 -1
    outer loop
      vertex -0.499999 -17.8 5
      vertex -0.497592 -17.849 5
      vertex -0.5 -17.8 5
    endloop
  endfacet
  facet normal 0.970037 -0.242958 0
    outer loop
      vertex 0.47847 -17.9451 30
      vertex 0.490392 -17.8975 5
      vertex 0.490392 -17.8975 30
    endloop
  endfacet
  facet normal 0.970037 -0.242958 0
    outer loop
      vertex 0.490392 -17.8975 5
      vertex 0.47847 -17.9451 30
      vertex 0.47847 -17.9451 5
    endloop
  endfacet
  facet normal 0.941542 -0.336897 0
    outer loop
      vertex 0.461939 -17.9913 30
      vertex 0.47847 -17.9451 5
      vertex 0.47847 -17.9451 30
    endloop
  endfacet
  facet normal 0.941542 -0.336897 0
    outer loop
      vertex 0.47847 -17.9451 5
      vertex 0.461939 -17.9913 30
      vertex 0.461939 -17.9913 5
    endloop
  endfacet
  facet normal -0.595306 -0.803499 0
    outer loop
      vertex -0.317196 -18.1865 5
      vertex -0.277784 -18.2157 30
      vertex -0.317196 -18.1865 30
    endloop
  endfacet
  facet normal -0.595306 -0.803499 -0
    outer loop
      vertex -0.277784 -18.2157 30
      vertex -0.317196 -18.1865 5
      vertex -0.277784 -18.2157 5
    endloop
  endfacet
  facet normal -0.242549 -0.970139 0
    outer loop
      vertex -0.145142 -18.2785 5
      vertex -0.0975447 -18.2904 30
      vertex -0.145142 -18.2785 30
    endloop
  endfacet
  facet normal -0.242549 -0.970139 -0
    outer loop
      vertex -0.0975447 -18.2904 30
      vertex -0.145142 -18.2785 5
      vertex -0.0975447 -18.2904 5
    endloop
  endfacet
  facet normal -0.904152 -0.427212 0
    outer loop
      vertex -0.44096 -18.0357 5
      vertex -0.461939 -17.9913 30
      vertex -0.461939 -17.9913 5
    endloop
  endfacet
  facet normal -0.904152 -0.427212 0
    outer loop
      vertex -0.461939 -17.9913 30
      vertex -0.44096 -18.0357 5
      vertex -0.44096 -18.0357 30
    endloop
  endfacet
  facet normal -0.146737 -0.989176 0
    outer loop
      vertex -0.0975447 -18.2904 5
      vertex -0.0490084 -18.2976 30
      vertex -0.0975447 -18.2904 30
    endloop
  endfacet
  facet normal -0.146737 -0.989176 -0
    outer loop
      vertex -0.0490084 -18.2976 30
      vertex -0.0975447 -18.2904 5
      vertex -0.0490084 -18.2976 5
    endloop
  endfacet
  facet normal 0.741347 -0.671122 0
    outer loop
      vertex 0.353553 -18.1536 30
      vertex 0.386505 -18.1172 5
      vertex 0.386505 -18.1172 30
    endloop
  endfacet
  facet normal 0.741347 -0.671122 0
    outer loop
      vertex 0.386505 -18.1172 5
      vertex 0.353553 -18.1536 30
      vertex 0.353553 -18.1536 5
    endloop
  endfacet
  facet normal -0.970037 -0.242958 0
    outer loop
      vertex -0.47847 -17.9451 5
      vertex -0.490392 -17.8975 30
      vertex -0.490392 -17.8975 5
    endloop
  endfacet
  facet normal -0.970037 -0.242958 0
    outer loop
      vertex -0.490392 -17.8975 30
      vertex -0.47847 -17.9451 5
      vertex -0.47847 -17.9451 30
    endloop
  endfacet
  facet normal 0.426233 -0.904613 0
    outer loop
      vertex 0.191341 -18.2619 5
      vertex 0.235698 -18.241 30
      vertex 0.191341 -18.2619 30
    endloop
  endfacet
  facet normal 0.426233 -0.904613 0
    outer loop
      vertex 0.235698 -18.241 30
      vertex 0.191341 -18.2619 5
      vertex 0.235698 -18.241 5
    endloop
  endfacet
  facet normal 0.51522 -0.857058 0
    outer loop
      vertex 0.235698 -18.241 5
      vertex 0.277784 -18.2157 30
      vertex 0.235698 -18.241 30
    endloop
  endfacet
  facet normal 0.51522 -0.857058 0
    outer loop
      vertex 0.277784 -18.2157 30
      vertex 0.235698 -18.241 5
      vertex 0.277784 -18.2157 5
    endloop
  endfacet
  facet normal -0 0 1
    outer loop
      vertex 0.499999 -17.8 30
      vertex 0.497592 -17.849 30
      vertex 0.5 -17.8 30
    endloop
  endfacet
  facet normal 0 0 1
    outer loop
      vertex 0.499999 -17.8 30
      vertex 0.490392 -17.8975 30
      vertex 0.497592 -17.849 30
    endloop
  endfacet
  facet normal 0 0 1
    outer loop
      vertex 0.499999 -17.8 30
      vertex 0.47847 -17.9451 30
      vertex 0.490392 -17.8975 30
    endloop
  endfacet
  facet normal 0 0 1
    outer loop
      vertex 0.499999 -17.8 30
      vertex 0.461939 -17.9913 30
      vertex 0.47847 -17.9451 30
    endloop
  endfacet
  facet normal 0 0 1
    outer loop
      vertex 0.499999 -17.8 30
      vertex 0.44096 -18.0357 30
      vertex 0.461939 -17.9913 30
    endloop
  endfacet
  facet normal 0 0 1
    outer loop
      vertex 0.499999 -17.8 30
      vertex 0.415734 -18.0778 30
      vertex 0.44096 -18.0357 30
    endloop
  endfacet
  facet normal 0 0 1
    outer loop
      vertex 0.499999 -17.8 30
      vertex 0.386505 -18.1172 30
      vertex 0.415734 -18.0778 30
    endloop
  endfacet
  facet normal 0 0 1
    outer loop
      vertex 0.499999 -17.8 30
      vertex 0.353553 -18.1536 30
      vertex 0.386505 -18.1172 30
    endloop
  endfacet
  facet normal 0 0 1
    outer loop
      vertex 0.499999 -17.8 30
      vertex 0.317196 -18.1865 30
      vertex 0.353553 -18.1536 30
    endloop
  endfacet
  facet normal 0 0 1
    outer loop
      vertex 0.499999 -17.8 30
      vertex 0.277784 -18.2157 30
      vertex 0.317196 -18.1865 30
    endloop
  endfacet
  facet normal 0 0 1
    outer loop
      vertex 0.499999 -17.8 30
      vertex 0.235698 -18.241 30
      vertex 0.277784 -18.2157 30
    endloop
  endfacet
  facet normal 0 0 1
    outer loop
      vertex 0.499999 -17.8 30
      vertex 0.191341 -18.2619 30
      vertex 0.235698 -18.241 30
    endloop
  endfacet
  facet normal 0 0 1
    outer loop
      vertex 0.499999 -17.8 30
      vertex 0.145142 -18.2785 30
      vertex 0.191341 -18.2619 30
    endloop
  endfacet
  facet normal 0 0 1
    outer loop
      vertex 0.499999 -17.8 30
      vertex 0.0975447 -18.2904 30
      vertex 0.145142 -18.2785 30
    endloop
  endfacet
  facet normal 0 0 1
    outer loop
      vertex 0.499999 -17.8 30
      vertex 0.0490084 -18.2976 30
      vertex 0.0975447 -18.2904 30
    endloop
  endfacet
  facet normal 0 0 1
    outer loop
      vertex 0.499999 -17.8 30
      vertex 0 -18.3 30
      vertex 0.0490084 -18.2976 30
    endloop
  endfacet
  facet normal 0 0 1
    outer loop
      vertex 0.499999 -17.8 30
      vertex -0.0490084 -18.2976 30
      vertex 0 -18.3 30
    endloop
  endfacet
  facet normal 0 0 1
    outer loop
      vertex 0.499999 -17.8 30
      vertex -0.0975447 -18.2904 30
      vertex -0.0490084 -18.2976 30
    endloop
  endfacet
  facet normal 0 0 1
    outer loop
      vertex 0.499999 -17.8 30
      vertex -0.145142 -18.2785 30
      vertex -0.0975447 -18.2904 30
    endloop
  endfacet
  facet normal 0 0 1
    outer loop
      vertex 0.499999 -17.8 30
      vertex -0.191341 -18.2619 30
      vertex -0.145142 -18.2785 30
    endloop
  endfacet
  facet normal 0 0 1
    outer loop
      vertex 0.499999 -17.8 30
      vertex -0.235698 -18.241 30
      vertex -0.191341 -18.2619 30
    endloop
  endfacet
  facet normal 0 0 1
    outer loop
      vertex 0.499999 -17.8 30
      vertex -0.277784 -18.2157 30
      vertex -0.235698 -18.241 30
    endloop
  endfacet
  facet normal 0 0 1
    outer loop
      vertex 0.499999 -17.8 30
      vertex -0.317196 -18.1865 30
      vertex -0.277784 -18.2157 30
    endloop
  endfacet
  facet normal 0 0 1
    outer loop
      vertex 0.499999 -17.8 30
      vertex -0.353553 -18.1536 30
      vertex -0.317196 -18.1865 30
    endloop
  endfacet
  facet normal 0 0 1
    outer loop
      vertex 0.499999 -17.8 30
      vertex -0.386505 -18.1172 30
      vertex -0.353553 -18.1536 30
    endloop
  endfacet
  facet normal 0 0 1
    outer loop
      vertex 0.499999 -17.8 30
      vertex -0.415734 -18.0778 30
      vertex -0.386505 -18.1172 30
    endloop
  endfacet
  facet normal 0 0 1
    outer loop
      vertex 0.499999 -17.8 30
      vertex -0.44096 -18.0357 30
      vertex -0.415734 -18.0778 30
    endloop
  endfacet
  facet normal 0 0 1
    outer loop
      vertex 0.499999 -17.8 30
      vertex -0.461939 -17.9913 30
      vertex -0.44096 -18.0357 30
    endloop
  endfacet
  facet normal 0 0 1
    outer loop
      vertex 0.499999 -17.8 30
      vertex -0.47847 -17.9451 30
      vertex -0.461939 -17.9913 30
    endloop
  endfacet
  facet normal 0 0 1
    outer loop
      vertex 0.499999 -17.8 30
      vertex -0.490392 -17.8975 30
      vertex -0.47847 -17.9451 30
    endloop
  endfacet
  facet normal 0 0 1
    outer loop
      vertex 0.499999 -17.8 30
      vertex -0.497592 -17.849 30
      vertex -0.490392 -17.8975 30
    endloop
  endfacet
  facet normal -0 0 1
    outer loop
      vertex -0.499999 -17.8 30
      vertex -0.497592 -17.849 30
      vertex 0.499999 -17.8 30
    endloop
  endfacet
  facet normal 0 0 1
    outer loop
      vertex -0.497592 -17.849 30
      vertex -0.499999 -17.8 30
      vertex -0.5 -17.8 30
    endloop
  endfacet
  facet normal -0.51522 -0.857058 0
    outer loop
      vertex -0.277784 -18.2157 5
      vertex -0.235698 -18.241 30
      vertex -0.277784 -18.2157 30
    endloop
  endfacet
  facet normal -0.51522 -0.857058 -0
    outer loop
      vertex -0.235698 -18.241 30
      vertex -0.277784 -18.2157 5
      vertex -0.235698 -18.241 5
    endloop
  endfacet
  facet normal 0.595423 -0.803413 0
    outer loop
      vertex 22.5378 -18.2157 5
      vertex 22.5772 -18.1865 30
      vertex 22.5378 -18.2157 30
    endloop
  endfacet
  facet normal 0.595423 -0.803413 0
    outer loop
      vertex 22.5772 -18.1865 30
      vertex 22.5378 -18.2157 5
      vertex 22.5772 -18.1865 5
    endloop
  endfacet
  facet normal -0.803413 -0.595423 0
    outer loop
      vertex 21.8735 -18.1172 5
      vertex 21.8443 -18.0778 30
      vertex 21.8443 -18.0778 5
    endloop
  endfacet
  facet normal -0.803413 -0.595423 0
    outer loop
      vertex 21.8443 -18.0778 30
      vertex 21.8735 -18.1172 5
      vertex 21.8735 -18.1172 30
    endloop
  endfacet
  facet normal 0.338142 -0.941095 0
    outer loop
      vertex 22.4051 -18.2785 5
      vertex 22.4513 -18.2619 30
      vertex 22.4051 -18.2785 30
    endloop
  endfacet
  facet normal 0.338142 -0.941095 0
    outer loop
      vertex 22.4513 -18.2619 30
      vertex 22.4051 -18.2785 5
      vertex 22.4513 -18.2619 5
    endloop
  endfacet
  facet normal 0.941095 -0.338142 0
    outer loop
      vertex 22.7219 -17.9913 30
      vertex 22.7385 -17.9451 5
      vertex 22.7385 -17.9451 30
    endloop
  endfacet
  facet normal 0.941095 -0.338142 0
    outer loop
      vertex 22.7385 -17.9451 5
      vertex 22.7219 -17.9913 30
      vertex 22.7219 -17.9913 5
    endloop
  endfacet
  facet normal -0.98916 -0.146844 0
    outer loop
      vertex 21.7696 -17.8975 5
      vertex 21.7624 -17.849 30
      vertex 21.7624 -17.849 5
    endloop
  endfacet
  facet normal -0.98916 -0.146844 0
    outer loop
      vertex 21.7624 -17.849 30
      vertex 21.7696 -17.8975 5
      vertex 21.7696 -17.8975 30
    endloop
  endfacet
  facet normal 0.741874 -0.67054 0
    outer loop
      vertex 22.6136 -18.1536 30
      vertex 22.6465 -18.1172 5
      vertex 22.6465 -18.1172 30
    endloop
  endfacet
  facet normal 0.741874 -0.67054 0
    outer loop
      vertex 22.6465 -18.1172 5
      vertex 22.6136 -18.1536 30
      vertex 22.6136 -18.1536 5
    endloop
  endfacet
  facet normal -0.146844 -0.98916 0
    outer loop
      vertex 22.1625 -18.2904 5
      vertex 22.211 -18.2976 30
      vertex 22.1625 -18.2904 30
    endloop
  endfacet
  facet normal -0.146844 -0.98916 -0
    outer loop
      vertex 22.211 -18.2976 30
      vertex 22.1625 -18.2904 5
      vertex 22.211 -18.2976 5
    endloop
  endfacet
  facet normal -0.595423 -0.803413 0
    outer loop
      vertex 21.9428 -18.1865 5
      vertex 21.9822 -18.2157 30
      vertex 21.9428 -18.1865 30
    endloop
  endfacet
  facet normal -0.595423 -0.803413 -0
    outer loop
      vertex 21.9822 -18.2157 30
      vertex 21.9428 -18.1865 5
      vertex 21.9822 -18.2157 5
    endloop
  endfacet
  facet normal 0.970143 -0.242536 0
    outer loop
      vertex 22.7385 -17.9451 30
      vertex 22.7504 -17.8975 5
      vertex 22.7504 -17.8975 30
    endloop
  endfacet
  facet normal 0.970143 -0.242536 0
    outer loop
      vertex 22.7504 -17.8975 5
      vertex 22.7385 -17.9451 30
      vertex 22.7385 -17.9451 5
    endloop
  endfacet
  facet normal 0.515094 -0.857133 0
    outer loop
      vertex 22.4957 -18.241 5
      vertex 22.5378 -18.2157 30
      vertex 22.4957 -18.241 30
    endloop
  endfacet
  facet normal 0.515094 -0.857133 0
    outer loop
      vertex 22.5378 -18.2157 30
      vertex 22.4957 -18.241 5
      vertex 22.5378 -18.2157 5
    endloop
  endfacet
  facet normal -0.0489209 -0.998803 0
    outer loop
      vertex 22.211 -18.2976 5
      vertex 22.26 -18.3 30
      vertex 22.211 -18.2976 30
    endloop
  endfacet
  facet normal -0.0489209 -0.998803 -0
    outer loop
      vertex 22.26 -18.3 30
      vertex 22.211 -18.2976 5
      vertex 22.26 -18.3 5
    endloop
  endfacet
  facet normal 0.425895 -0.904773 0
    outer loop
      vertex 22.4513 -18.2619 5
      vertex 22.4957 -18.241 30
      vertex 22.4513 -18.2619 30
    endloop
  endfacet
  facet normal 0.425895 -0.904773 0
    outer loop
      vertex 22.4957 -18.241 30
      vertex 22.4513 -18.2619 5
      vertex 22.4957 -18.241 5
    endloop
  endfacet
  facet normal -0.741874 -0.67054 0
    outer loop
      vertex 21.9064 -18.1536 5
      vertex 21.8735 -18.1172 30
      vertex 21.8735 -18.1172 5
    endloop
  endfacet
  facet normal -0.741874 -0.67054 0
    outer loop
      vertex 21.8735 -18.1172 30
      vertex 21.9064 -18.1536 5
      vertex 21.9064 -18.1536 30
    endloop
  endfacet
  facet normal -0.998803 -0.0489209 0
    outer loop
      vertex 21.7624 -17.849 5
      vertex 21.76 -17.8 30
      vertex 21.76 -17.8 5
    endloop
  endfacet
  facet normal -0.998803 -0.0489209 0
    outer loop
      vertex 21.76 -17.8 30
      vertex 21.7624 -17.849 5
      vertex 21.7624 -17.849 30
    endloop
  endfacet
  facet normal -0.242536 -0.970143 0
    outer loop
      vertex 22.1149 -18.2785 5
      vertex 22.1625 -18.2904 30
      vertex 22.1149 -18.2785 30
    endloop
  endfacet
  facet normal -0.242536 -0.970143 -0
    outer loop
      vertex 22.1625 -18.2904 30
      vertex 22.1149 -18.2785 5
      vertex 22.1625 -18.2904 5
    endloop
  endfacet
  facet normal 0.98916 -0.146844 0
    outer loop
      vertex 22.7504 -17.8975 30
      vertex 22.7576 -17.849 5
      vertex 22.7576 -17.849 30
    endloop
  endfacet
  facet normal 0.98916 -0.146844 0
    outer loop
      vertex 22.7576 -17.849 5
      vertex 22.7504 -17.8975 30
      vertex 22.7504 -17.8975 5
    endloop
  endfacet
  facet normal 0.998803 -0.0489209 0
    outer loop
      vertex 22.7576 -17.849 30
      vertex 22.76 -17.8 5
      vertex 22.76 -17.8 30
    endloop
  endfacet
  facet normal 0.998803 -0.0489209 0
    outer loop
      vertex 22.76 -17.8 5
      vertex 22.7576 -17.849 30
      vertex 22.7576 -17.849 5
    endloop
  endfacet
  facet normal 0 0 1
    outer loop
      vertex 22.76 -17.8 30
      vertex 22.7504 -17.8975 30
      vertex 22.7576 -17.849 30
    endloop
  endfacet
  facet normal 0 0 1
    outer loop
      vertex 22.76 -17.8 30
      vertex 22.7385 -17.9451 30
      vertex 22.7504 -17.8975 30
    endloop
  endfacet
  facet normal 0 0 1
    outer loop
      vertex 22.76 -17.8 30
      vertex 22.7219 -17.9913 30
      vertex 22.7385 -17.9451 30
    endloop
  endfacet
  facet normal 0 0 1
    outer loop
      vertex 22.76 -17.8 30
      vertex 22.701 -18.0357 30
      vertex 22.7219 -17.9913 30
    endloop
  endfacet
  facet normal 0 0 1
    outer loop
      vertex 22.76 -17.8 30
      vertex 22.6757 -18.0778 30
      vertex 22.701 -18.0357 30
    endloop
  endfacet
  facet normal 0 0 1
    outer loop
      vertex 22.76 -17.8 30
      vertex 22.6465 -18.1172 30
      vertex 22.6757 -18.0778 30
    endloop
  endfacet
  facet normal 0 0 1
    outer loop
      vertex 22.76 -17.8 30
      vertex 22.6136 -18.1536 30
      vertex 22.6465 -18.1172 30
    endloop
  endfacet
  facet normal 0 0 1
    outer loop
      vertex 22.76 -17.8 30
      vertex 22.5772 -18.1865 30
      vertex 22.6136 -18.1536 30
    endloop
  endfacet
  facet normal 0 0 1
    outer loop
      vertex 22.76 -17.8 30
      vertex 22.5378 -18.2157 30
      vertex 22.5772 -18.1865 30
    endloop
  endfacet
  facet normal 0 0 1
    outer loop
      vertex 22.76 -17.8 30
      vertex 22.4957 -18.241 30
      vertex 22.5378 -18.2157 30
    endloop
  endfacet
  facet normal 0 0 1
    outer loop
      vertex 22.76 -17.8 30
      vertex 22.4513 -18.2619 30
      vertex 22.4957 -18.241 30
    endloop
  endfacet
  facet normal 0 0 1
    outer loop
      vertex 22.76 -17.8 30
      vertex 22.4051 -18.2785 30
      vertex 22.4513 -18.2619 30
    endloop
  endfacet
  facet normal 0 0 1
    outer loop
      vertex 22.76 -17.8 30
      vertex 22.3575 -18.2904 30
      vertex 22.4051 -18.2785 30
    endloop
  endfacet
  facet normal 0 0 1
    outer loop
      vertex 22.76 -17.8 30
      vertex 22.309 -18.2976 30
      vertex 22.3575 -18.2904 30
    endloop
  endfacet
  facet normal 0 0 1
    outer loop
      vertex 22.76 -17.8 30
      vertex 22.26 -18.3 30
      vertex 22.309 -18.2976 30
    endloop
  endfacet
  facet normal 0 0 1
    outer loop
      vertex 22.76 -17.8 30
      vertex 22.211 -18.2976 30
      vertex 22.26 -18.3 30
    endloop
  endfacet
  facet normal 0 0 1
    outer loop
      vertex 22.76 -17.8 30
      vertex 22.1625 -18.2904 30
      vertex 22.211 -18.2976 30
    endloop
  endfacet
  facet normal 0 0 1
    outer loop
      vertex 22.76 -17.8 30
      vertex 22.1149 -18.2785 30
      vertex 22.1625 -18.2904 30
    endloop
  endfacet
  facet normal 0 0 1
    outer loop
      vertex 22.76 -17.8 30
      vertex 22.0687 -18.2619 30
      vertex 22.1149 -18.2785 30
    endloop
  endfacet
  facet normal 0 0 1
    outer loop
      vertex 22.76 -17.8 30
      vertex 22.0243 -18.241 30
      vertex 22.0687 -18.2619 30
    endloop
  endfacet
  facet normal 0 0 1
    outer loop
      vertex 22.76 -17.8 30
      vertex 21.9822 -18.2157 30
      vertex 22.0243 -18.241 30
    endloop
  endfacet
  facet normal 0 0 1
    outer loop
      vertex 22.76 -17.8 30
      vertex 21.9428 -18.1865 30
      vertex 21.9822 -18.2157 30
    endloop
  endfacet
  facet normal 0 0 1
    outer loop
      vertex 22.76 -17.8 30
      vertex 21.9064 -18.1536 30
      vertex 21.9428 -18.1865 30
    endloop
  endfacet
  facet normal 0 0 1
    outer loop
      vertex 22.76 -17.8 30
      vertex 21.8735 -18.1172 30
      vertex 21.9064 -18.1536 30
    endloop
  endfacet
  facet normal 0 0 1
    outer loop
      vertex 22.76 -17.8 30
      vertex 21.8443 -18.0778 30
      vertex 21.8735 -18.1172 30
    endloop
  endfacet
  facet normal 0 0 1
    outer loop
      vertex 22.76 -17.8 30
      vertex 21.819 -18.0357 30
      vertex 21.8443 -18.0778 30
    endloop
  endfacet
  facet normal 0 0 1
    outer loop
      vertex 22.76 -17.8 30
      vertex 21.7981 -17.9913 30
      vertex 21.819 -18.0357 30
    endloop
  endfacet
  facet normal 0 0 1
    outer loop
      vertex 22.76 -17.8 30
      vertex 21.7815 -17.9451 30
      vertex 21.7981 -17.9913 30
    endloop
  endfacet
  facet normal 0 0 1
    outer loop
      vertex 22.76 -17.8 30
      vertex 21.7696 -17.8975 30
      vertex 21.7815 -17.9451 30
    endloop
  endfacet
  facet normal 0 0 1
    outer loop
      vertex 22.76 -17.8 30
      vertex 21.7624 -17.849 30
      vertex 21.7696 -17.8975 30
    endloop
  endfacet
  facet normal -0 0 1
    outer loop
      vertex 21.76 -17.8 30
      vertex 21.7624 -17.849 30
      vertex 22.76 -17.8 30
    endloop
  endfacet
  facet normal 0.904773 -0.425895 0
    outer loop
      vertex 22.701 -18.0357 30
      vertex 22.7219 -17.9913 5
      vertex 22.7219 -17.9913 30
    endloop
  endfacet
  facet normal 0.904773 -0.425895 0
    outer loop
      vertex 22.7219 -17.9913 5
      vertex 22.701 -18.0357 30
      vertex 22.701 -18.0357 5
    endloop
  endfacet
  facet normal 0.857133 -0.515094 0
    outer loop
      vertex 22.6757 -18.0778 30
      vertex 22.701 -18.0357 5
      vertex 22.701 -18.0357 30
    endloop
  endfacet
  facet normal 0.857133 -0.515094 0
    outer loop
      vertex 22.701 -18.0357 5
      vertex 22.6757 -18.0778 30
      vertex 22.6757 -18.0778 5
    endloop
  endfacet
  facet normal -0.425895 -0.904773 0
    outer loop
      vertex 22.0243 -18.241 5
      vertex 22.0687 -18.2619 30
      vertex 22.0243 -18.241 30
    endloop
  endfacet
  facet normal -0.425895 -0.904773 -0
    outer loop
      vertex 22.0687 -18.2619 30
      vertex 22.0243 -18.241 5
      vertex 22.0687 -18.2619 5
    endloop
  endfacet
  facet normal -0.338142 -0.941095 0
    outer loop
      vertex 22.0687 -18.2619 5
      vertex 22.1149 -18.2785 30
      vertex 22.0687 -18.2619 30
    endloop
  endfacet
  facet normal -0.338142 -0.941095 -0
    outer loop
      vertex 22.1149 -18.2785 30
      vertex 22.0687 -18.2619 5
      vertex 22.1149 -18.2785 5
    endloop
  endfacet
  facet normal -0.515094 -0.857133 0
    outer loop
      vertex 21.9822 -18.2157 5
      vertex 22.0243 -18.241 30
      vertex 21.9822 -18.2157 30
    endloop
  endfacet
  facet normal -0.515094 -0.857133 -0
    outer loop
      vertex 22.0243 -18.241 30
      vertex 21.9822 -18.2157 5
      vertex 22.0243 -18.241 5
    endloop
  endfacet
  facet normal 0.0489209 -0.998803 0
    outer loop
      vertex 22.26 -18.3 5
      vertex 22.309 -18.2976 30
      vertex 22.26 -18.3 30
    endloop
  endfacet
  facet normal 0.0489209 -0.998803 0
    outer loop
      vertex 22.309 -18.2976 30
      vertex 22.26 -18.3 5
      vertex 22.309 -18.2976 5
    endloop
  endfacet
  facet normal -0.941095 -0.338142 0
    outer loop
      vertex 21.7981 -17.9913 5
      vertex 21.7815 -17.9451 30
      vertex 21.7815 -17.9451 5
    endloop
  endfacet
  facet normal -0.941095 -0.338142 0
    outer loop
      vertex 21.7815 -17.9451 30
      vertex 21.7981 -17.9913 5
      vertex 21.7981 -17.9913 30
    endloop
  endfacet
  facet normal 0.803413 -0.595423 0
    outer loop
      vertex 22.6465 -18.1172 30
      vertex 22.6757 -18.0778 5
      vertex 22.6757 -18.0778 30
    endloop
  endfacet
  facet normal 0.803413 -0.595423 0
    outer loop
      vertex 22.6757 -18.0778 5
      vertex 22.6465 -18.1172 30
      vertex 22.6465 -18.1172 5
    endloop
  endfacet
  facet normal 0.242536 -0.970143 0
    outer loop
      vertex 22.3575 -18.2904 5
      vertex 22.4051 -18.2785 30
      vertex 22.3575 -18.2904 30
    endloop
  endfacet
  facet normal 0.242536 -0.970143 0
    outer loop
      vertex 22.4051 -18.2785 30
      vertex 22.3575 -18.2904 5
      vertex 22.4051 -18.2785 5
    endloop
  endfacet
  facet normal 0.146844 -0.98916 0
    outer loop
      vertex 22.309 -18.2976 5
      vertex 22.3575 -18.2904 30
      vertex 22.309 -18.2976 30
    endloop
  endfacet
  facet normal 0.146844 -0.98916 0
    outer loop
      vertex 22.3575 -18.2904 30
      vertex 22.309 -18.2976 5
      vertex 22.3575 -18.2904 5
    endloop
  endfacet
  facet normal -0.970143 -0.242536 0
    outer loop
      vertex 21.7815 -17.9451 5
      vertex 21.7696 -17.8975 30
      vertex 21.7696 -17.8975 5
    endloop
  endfacet
  facet normal -0.970143 -0.242536 0
    outer loop
      vertex 21.7696 -17.8975 30
      vertex 21.7815 -17.9451 5
      vertex 21.7815 -17.9451 30
    endloop
  endfacet
  facet normal -0.67054 -0.741874 0
    outer loop
      vertex 21.9064 -18.1536 5
      vertex 21.9428 -18.1865 30
      vertex 21.9064 -18.1536 30
    endloop
  endfacet
  facet normal -0.67054 -0.741874 -0
    outer loop
      vertex 21.9428 -18.1865 30
      vertex 21.9064 -18.1536 5
      vertex 21.9428 -18.1865 5
    endloop
  endfacet
  facet normal -0.857133 -0.515094 0
    outer loop
      vertex 21.8443 -18.0778 5
      vertex 21.819 -18.0357 30
      vertex 21.819 -18.0357 5
    endloop
  endfacet
  facet normal -0.857133 -0.515094 0
    outer loop
      vertex 21.819 -18.0357 30
      vertex 21.8443 -18.0778 5
      vertex 21.8443 -18.0778 30
    endloop
  endfacet
  facet normal 0.67054 -0.741874 0
    outer loop
      vertex 22.5772 -18.1865 5
      vertex 22.6136 -18.1536 30
      vertex 22.5772 -18.1865 30
    endloop
  endfacet
  facet normal 0.67054 -0.741874 0
    outer loop
      vertex 22.6136 -18.1536 30
      vertex 22.5772 -18.1865 5
      vertex 22.6136 -18.1536 5
    endloop
  endfacet
  facet normal -0.904773 -0.425895 0
    outer loop
      vertex 21.819 -18.0357 5
      vertex 21.7981 -17.9913 30
      vertex 21.7981 -17.9913 5
    endloop
  endfacet
  facet normal -0.904773 -0.425895 0
    outer loop
      vertex 21.7981 -17.9913 30
      vertex 21.819 -18.0357 5
      vertex 21.819 -18.0357 30
    endloop
  endfacet
  facet normal 0 0 -1
    outer loop
      vertex 22.7504 -17.8975 5
      vertex 22.76 -17.8 5
      vertex 22.7576 -17.849 5
    endloop
  endfacet
  facet normal 0 0 -1
    outer loop
      vertex 22.7385 -17.9451 5
      vertex 22.76 -17.8 5
      vertex 22.7504 -17.8975 5
    endloop
  endfacet
  facet normal 0 0 -1
    outer loop
      vertex 22.7219 -17.9913 5
      vertex 22.76 -17.8 5
      vertex 22.7385 -17.9451 5
    endloop
  endfacet
  facet normal 0 0 -1
    outer loop
      vertex 22.701 -18.0357 5
      vertex 22.76 -17.8 5
      vertex 22.7219 -17.9913 5
    endloop
  endfacet
  facet normal 0 0 -1
    outer loop
      vertex 22.6757 -18.0778 5
      vertex 22.76 -17.8 5
      vertex 22.701 -18.0357 5
    endloop
  endfacet
  facet normal 0 0 -1
    outer loop
      vertex 22.6465 -18.1172 5
      vertex 22.76 -17.8 5
      vertex 22.6757 -18.0778 5
    endloop
  endfacet
  facet normal 0 0 -1
    outer loop
      vertex 22.6136 -18.1536 5
      vertex 22.76 -17.8 5
      vertex 22.6465 -18.1172 5
    endloop
  endfacet
  facet normal 0 0 -1
    outer loop
      vertex 22.5772 -18.1865 5
      vertex 22.76 -17.8 5
      vertex 22.6136 -18.1536 5
    endloop
  endfacet
  facet normal 0 0 -1
    outer loop
      vertex 22.5378 -18.2157 5
      vertex 22.76 -17.8 5
      vertex 22.5772 -18.1865 5
    endloop
  endfacet
  facet normal 0 0 -1
    outer loop
      vertex 22.4957 -18.241 5
      vertex 22.76 -17.8 5
      vertex 22.5378 -18.2157 5
    endloop
  endfacet
  facet normal 0 0 -1
    outer loop
      vertex 22.4513 -18.2619 5
      vertex 22.76 -17.8 5
      vertex 22.4957 -18.241 5
    endloop
  endfacet
  facet normal 0 0 -1
    outer loop
      vertex 22.4051 -18.2785 5
      vertex 22.76 -17.8 5
      vertex 22.4513 -18.2619 5
    endloop
  endfacet
  facet normal 0 0 -1
    outer loop
      vertex 22.3575 -18.2904 5
      vertex 22.76 -17.8 5
      vertex 22.4051 -18.2785 5
    endloop
  endfacet
  facet normal 0 0 -1
    outer loop
      vertex 22.309 -18.2976 5
      vertex 22.76 -17.8 5
      vertex 22.3575 -18.2904 5
    endloop
  endfacet
  facet normal 0 0 -1
    outer loop
      vertex 22.26 -18.3 5
      vertex 22.76 -17.8 5
      vertex 22.309 -18.2976 5
    endloop
  endfacet
  facet normal 0 0 -1
    outer loop
      vertex 22.211 -18.2976 5
      vertex 22.76 -17.8 5
      vertex 22.26 -18.3 5
    endloop
  endfacet
  facet normal 0 0 -1
    outer loop
      vertex 22.1625 -18.2904 5
      vertex 22.76 -17.8 5
      vertex 22.211 -18.2976 5
    endloop
  endfacet
  facet normal 0 0 -1
    outer loop
      vertex 22.1149 -18.2785 5
      vertex 22.76 -17.8 5
      vertex 22.1625 -18.2904 5
    endloop
  endfacet
  facet normal 0 0 -1
    outer loop
      vertex 22.0687 -18.2619 5
      vertex 22.76 -17.8 5
      vertex 22.1149 -18.2785 5
    endloop
  endfacet
  facet normal 0 0 -1
    outer loop
      vertex 22.0243 -18.241 5
      vertex 22.76 -17.8 5
      vertex 22.0687 -18.2619 5
    endloop
  endfacet
  facet normal 0 0 -1
    outer loop
      vertex 21.9822 -18.2157 5
      vertex 22.76 -17.8 5
      vertex 22.0243 -18.241 5
    endloop
  endfacet
  facet normal 0 0 -1
    outer loop
      vertex 21.9428 -18.1865 5
      vertex 22.76 -17.8 5
      vertex 21.9822 -18.2157 5
    endloop
  endfacet
  facet normal 0 0 -1
    outer loop
      vertex 21.9064 -18.1536 5
      vertex 22.76 -17.8 5
      vertex 21.9428 -18.1865 5
    endloop
  endfacet
  facet normal 0 0 -1
    outer loop
      vertex 21.8735 -18.1172 5
      vertex 22.76 -17.8 5
      vertex 21.9064 -18.1536 5
    endloop
  endfacet
  facet normal 0 0 -1
    outer loop
      vertex 21.8443 -18.0778 5
      vertex 22.76 -17.8 5
      vertex 21.8735 -18.1172 5
    endloop
  endfacet
  facet normal 0 0 -1
    outer loop
      vertex 21.819 -18.0357 5
      vertex 22.76 -17.8 5
      vertex 21.8443 -18.0778 5
    endloop
  endfacet
  facet normal 0 0 -1
    outer loop
      vertex 21.7981 -17.9913 5
      vertex 22.76 -17.8 5
      vertex 21.819 -18.0357 5
    endloop
  endfacet
  facet normal 0 0 -1
    outer loop
      vertex 21.7815 -17.9451 5
      vertex 22.76 -17.8 5
      vertex 21.7981 -17.9913 5
    endloop
  endfacet
  facet normal 0 0 -1
    outer loop
      vertex 21.7696 -17.8975 5
      vertex 22.76 -17.8 5
      vertex 21.7815 -17.9451 5
    endloop
  endfacet
  facet normal 0 0 -1
    outer loop
      vertex 21.7624 -17.849 5
      vertex 22.76 -17.8 5
      vertex 21.7696 -17.8975 5
    endloop
  endfacet
  facet normal 0 0 -1
    outer loop
      vertex 21.7624 -17.849 5
      vertex 21.76 -17.8 5
      vertex 22.76 -17.8 5
    endloop
  endfacet
  facet normal 0.98916 0.146844 0
    outer loop
      vertex -21.7624 17.849 30
      vertex -21.7696 17.8975 5
      vertex -21.7696 17.8975 30
    endloop
  endfacet
  facet normal 0.98916 0.146844 0
    outer loop
      vertex -21.7696 17.8975 5
      vertex -21.7624 17.849 30
      vertex -21.7624 17.849 5
    endloop
  endfacet
  facet normal 0.998803 0.0489209 0
    outer loop
      vertex -21.76 17.8 30
      vertex -21.7624 17.849 5
      vertex -21.7624 17.849 30
    endloop
  endfacet
  facet normal 0.998803 0.0489209 0
    outer loop
      vertex -21.7624 17.849 5
      vertex -21.76 17.8 30
      vertex -21.76 17.8 5
    endloop
  endfacet
  facet normal 0.970143 0.242536 0
    outer loop
      vertex -21.7696 17.8975 30
      vertex -21.7815 17.9451 5
      vertex -21.7815 17.9451 30
    endloop
  endfacet
  facet normal 0.970143 0.242536 0
    outer loop
      vertex -21.7815 17.9451 5
      vertex -21.7696 17.8975 30
      vertex -21.7696 17.8975 5
    endloop
  endfacet
  facet normal -0.146844 0.98916 0
    outer loop
      vertex -22.309 18.2976 5
      vertex -22.3575 18.2904 30
      vertex -22.309 18.2976 30
    endloop
  endfacet
  facet normal -0.146844 0.98916 0
    outer loop
      vertex -22.3575 18.2904 30
      vertex -22.309 18.2976 5
      vertex -22.3575 18.2904 5
    endloop
  endfacet
  facet normal -0.595423 0.803413 0
    outer loop
      vertex -22.5378 18.2157 5
      vertex -22.5772 18.1865 30
      vertex -22.5378 18.2157 30
    endloop
  endfacet
  facet normal -0.595423 0.803413 0
    outer loop
      vertex -22.5772 18.1865 30
      vertex -22.5378 18.2157 5
      vertex -22.5772 18.1865 5
    endloop
  endfacet
  facet normal 0.803413 0.595423 0
    outer loop
      vertex -21.8443 18.0778 30
      vertex -21.8735 18.1172 5
      vertex -21.8735 18.1172 30
    endloop
  endfacet
  facet normal 0.803413 0.595423 0
    outer loop
      vertex -21.8735 18.1172 5
      vertex -21.8443 18.0778 30
      vertex -21.8443 18.0778 5
    endloop
  endfacet
  facet normal 0.595423 0.803413 -0
    outer loop
      vertex -21.9428 18.1865 5
      vertex -21.9822 18.2157 30
      vertex -21.9428 18.1865 30
    endloop
  endfacet
  facet normal 0.595423 0.803413 0
    outer loop
      vertex -21.9822 18.2157 30
      vertex -21.9428 18.1865 5
      vertex -21.9822 18.2157 5
    endloop
  endfacet
  facet normal 0.242536 0.970143 -0
    outer loop
      vertex -22.1149 18.2785 5
      vertex -22.1625 18.2904 30
      vertex -22.1149 18.2785 30
    endloop
  endfacet
  facet normal 0.242536 0.970143 0
    outer loop
      vertex -22.1625 18.2904 30
      vertex -22.1149 18.2785 5
      vertex -22.1625 18.2904 5
    endloop
  endfacet
  facet normal -0.242536 0.970143 0
    outer loop
      vertex -22.3575 18.2904 5
      vertex -22.4051 18.2785 30
      vertex -22.3575 18.2904 30
    endloop
  endfacet
  facet normal -0.242536 0.970143 0
    outer loop
      vertex -22.4051 18.2785 30
      vertex -22.3575 18.2904 5
      vertex -22.4051 18.2785 5
    endloop
  endfacet
  facet normal 0.425895 0.904773 -0
    outer loop
      vertex -22.0243 18.241 5
      vertex -22.0687 18.2619 30
      vertex -22.0243 18.241 30
    endloop
  endfacet
  facet normal 0.425895 0.904773 0
    outer loop
      vertex -22.0687 18.2619 30
      vertex -22.0243 18.241 5
      vertex -22.0687 18.2619 5
    endloop
  endfacet
  facet normal -0.425895 0.904773 0
    outer loop
      vertex -22.4513 18.2619 5
      vertex -22.4957 18.241 30
      vertex -22.4513 18.2619 30
    endloop
  endfacet
  facet normal -0.425895 0.904773 0
    outer loop
      vertex -22.4957 18.241 30
      vertex -22.4513 18.2619 5
      vertex -22.4957 18.241 5
    endloop
  endfacet
  facet normal -0.904773 0.425895 0
    outer loop
      vertex -22.7219 17.9913 5
      vertex -22.701 18.0357 30
      vertex -22.701 18.0357 5
    endloop
  endfacet
  facet normal -0.904773 0.425895 0
    outer loop
      vertex -22.701 18.0357 30
      vertex -22.7219 17.9913 5
      vertex -22.7219 17.9913 30
    endloop
  endfacet
  facet normal 0 0 1
    outer loop
      vertex -21.7696 17.8975 30
      vertex -21.76 17.8 30
      vertex -21.7624 17.849 30
    endloop
  endfacet
  facet normal 0 0 1
    outer loop
      vertex -21.7815 17.9451 30
      vertex -21.76 17.8 30
      vertex -21.7696 17.8975 30
    endloop
  endfacet
  facet normal 0 0 1
    outer loop
      vertex -21.7981 17.9913 30
      vertex -21.76 17.8 30
      vertex -21.7815 17.9451 30
    endloop
  endfacet
  facet normal 0 0 1
    outer loop
      vertex -21.819 18.0357 30
      vertex -21.76 17.8 30
      vertex -21.7981 17.9913 30
    endloop
  endfacet
  facet normal 0 0 1
    outer loop
      vertex -21.8443 18.0778 30
      vertex -21.76 17.8 30
      vertex -21.819 18.0357 30
    endloop
  endfacet
  facet normal 0 0 1
    outer loop
      vertex -21.8735 18.1172 30
      vertex -21.76 17.8 30
      vertex -21.8443 18.0778 30
    endloop
  endfacet
  facet normal 0 0 1
    outer loop
      vertex -21.9064 18.1536 30
      vertex -21.76 17.8 30
      vertex -21.8735 18.1172 30
    endloop
  endfacet
  facet normal 0 0 1
    outer loop
      vertex -21.9428 18.1865 30
      vertex -21.76 17.8 30
      vertex -21.9064 18.1536 30
    endloop
  endfacet
  facet normal 0 0 1
    outer loop
      vertex -21.9822 18.2157 30
      vertex -21.76 17.8 30
      vertex -21.9428 18.1865 30
    endloop
  endfacet
  facet normal 0 0 1
    outer loop
      vertex -22.0243 18.241 30
      vertex -21.76 17.8 30
      vertex -21.9822 18.2157 30
    endloop
  endfacet
  facet normal 0 0 1
    outer loop
      vertex -22.0687 18.2619 30
      vertex -21.76 17.8 30
      vertex -22.0243 18.241 30
    endloop
  endfacet
  facet normal 0 0 1
    outer loop
      vertex -22.1149 18.2785 30
      vertex -21.76 17.8 30
      vertex -22.0687 18.2619 30
    endloop
  endfacet
  facet normal 0 0 1
    outer loop
      vertex -22.1625 18.2904 30
      vertex -21.76 17.8 30
      vertex -22.1149 18.2785 30
    endloop
  endfacet
  facet normal 0 0 1
    outer loop
      vertex -22.211 18.2976 30
      vertex -21.76 17.8 30
      vertex -22.1625 18.2904 30
    endloop
  endfacet
  facet normal 0 0 1
    outer loop
      vertex -22.26 18.3 30
      vertex -21.76 17.8 30
      vertex -22.211 18.2976 30
    endloop
  endfacet
  facet normal -0 0 1
    outer loop
      vertex -22.309 18.2976 30
      vertex -21.76 17.8 30
      vertex -22.26 18.3 30
    endloop
  endfacet
  facet normal -0 0 1
    outer loop
      vertex -22.3575 18.2904 30
      vertex -21.76 17.8 30
      vertex -22.309 18.2976 30
    endloop
  endfacet
  facet normal -0 0 1
    outer loop
      vertex -22.4051 18.2785 30
      vertex -21.76 17.8 30
      vertex -22.3575 18.2904 30
    endloop
  endfacet
  facet normal -0 0 1
    outer loop
      vertex -22.4513 18.2619 30
      vertex -21.76 17.8 30
      vertex -22.4051 18.2785 30
    endloop
  endfacet
  facet normal -0 0 1
    outer loop
      vertex -22.4957 18.241 30
      vertex -21.76 17.8 30
      vertex -22.4513 18.2619 30
    endloop
  endfacet
  facet normal -0 0 1
    outer loop
      vertex -22.5378 18.2157 30
      vertex -21.76 17.8 30
      vertex -22.4957 18.241 30
    endloop
  endfacet
  facet normal -0 0 1
    outer loop
      vertex -22.5772 18.1865 30
      vertex -21.76 17.8 30
      vertex -22.5378 18.2157 30
    endloop
  endfacet
  facet normal -0 0 1
    outer loop
      vertex -22.6136 18.1536 30
      vertex -21.76 17.8 30
      vertex -22.5772 18.1865 30
    endloop
  endfacet
  facet normal -0 0 1
    outer loop
      vertex -22.6465 18.1172 30
      vertex -21.76 17.8 30
      vertex -22.6136 18.1536 30
    endloop
  endfacet
  facet normal -0 0 1
    outer loop
      vertex -22.6757 18.0778 30
      vertex -21.76 17.8 30
      vertex -22.6465 18.1172 30
    endloop
  endfacet
  facet normal -0 0 1
    outer loop
      vertex -22.701 18.0357 30
      vertex -21.76 17.8 30
      vertex -22.6757 18.0778 30
    endloop
  endfacet
  facet normal -0 0 1
    outer loop
      vertex -22.7219 17.9913 30
      vertex -21.76 17.8 30
      vertex -22.701 18.0357 30
    endloop
  endfacet
  facet normal -0 0 1
    outer loop
      vertex -22.7385 17.9451 30
      vertex -21.76 17.8 30
      vertex -22.7219 17.9913 30
    endloop
  endfacet
  facet normal -0 0 1
    outer loop
      vertex -22.7504 17.8975 30
      vertex -21.76 17.8 30
      vertex -22.7385 17.9451 30
    endloop
  endfacet
  facet normal -0 0 1
    outer loop
      vertex -22.7576 17.849 30
      vertex -21.76 17.8 30
      vertex -22.7504 17.8975 30
    endloop
  endfacet
  facet normal 0 0 1
    outer loop
      vertex -22.76 17.8 30
      vertex -21.76 17.8 30
      vertex -22.7576 17.849 30
    endloop
  endfacet
  facet normal 0.941095 0.338142 0
    outer loop
      vertex -21.7815 17.9451 30
      vertex -21.7981 17.9913 5
      vertex -21.7981 17.9913 30
    endloop
  endfacet
  facet normal 0.941095 0.338142 0
    outer loop
      vertex -21.7981 17.9913 5
      vertex -21.7815 17.9451 30
      vertex -21.7815 17.9451 5
    endloop
  endfacet
  facet normal -0.970143 0.242536 0
    outer loop
      vertex -22.7504 17.8975 5
      vertex -22.7385 17.9451 30
      vertex -22.7385 17.9451 5
    endloop
  endfacet
  facet normal -0.970143 0.242536 0
    outer loop
      vertex -22.7385 17.9451 30
      vertex -22.7504 17.8975 5
      vertex -22.7504 17.8975 30
    endloop
  endfacet
  facet normal -0.0489209 0.998803 0
    outer loop
      vertex -22.26 18.3 5
      vertex -22.309 18.2976 30
      vertex -22.26 18.3 30
    endloop
  endfacet
  facet normal -0.0489209 0.998803 0
    outer loop
      vertex -22.309 18.2976 30
      vertex -22.26 18.3 5
      vertex -22.309 18.2976 5
    endloop
  endfacet
  facet normal 0.338142 0.941095 -0
    outer loop
      vertex -22.0687 18.2619 5
      vertex -22.1149 18.2785 30
      vertex -22.0687 18.2619 30
    endloop
  endfacet
  facet normal 0.338142 0.941095 0
    outer loop
      vertex -22.1149 18.2785 30
      vertex -22.0687 18.2619 5
      vertex -22.1149 18.2785 5
    endloop
  endfacet
  facet normal 0.515094 0.857133 -0
    outer loop
      vertex -21.9822 18.2157 5
      vertex -22.0243 18.241 30
      vertex -21.9822 18.2157 30
    endloop
  endfacet
  facet normal 0.515094 0.857133 0
    outer loop
      vertex -22.0243 18.241 30
      vertex -21.9822 18.2157 5
      vertex -22.0243 18.241 5
    endloop
  endfacet
  facet normal -0.941095 0.338142 0
    outer loop
      vertex -22.7385 17.9451 5
      vertex -22.7219 17.9913 30
      vertex -22.7219 17.9913 5
    endloop
  endfacet
  facet normal -0.941095 0.338142 0
    outer loop
      vertex -22.7219 17.9913 30
      vertex -22.7385 17.9451 5
      vertex -22.7385 17.9451 30
    endloop
  endfacet
  facet normal -0.338142 0.941095 0
    outer loop
      vertex -22.4051 18.2785 5
      vertex -22.4513 18.2619 30
      vertex -22.4051 18.2785 30
    endloop
  endfacet
  facet normal -0.338142 0.941095 0
    outer loop
      vertex -22.4513 18.2619 30
      vertex -22.4051 18.2785 5
      vertex -22.4513 18.2619 5
    endloop
  endfacet
  facet normal 0.904773 0.425895 0
    outer loop
      vertex -21.7981 17.9913 30
      vertex -21.819 18.0357 5
      vertex -21.819 18.0357 30
    endloop
  endfacet
  facet normal 0.904773 0.425895 0
    outer loop
      vertex -21.819 18.0357 5
      vertex -21.7981 17.9913 30
      vertex -21.7981 17.9913 5
    endloop
  endfacet
  facet normal -0.515094 0.857133 0
    outer loop
      vertex -22.4957 18.241 5
      vertex -22.5378 18.2157 30
      vertex -22.4957 18.241 30
    endloop
  endfacet
  facet normal -0.515094 0.857133 0
    outer loop
      vertex -22.5378 18.2157 30
      vertex -22.4957 18.241 5
      vertex -22.5378 18.2157 5
    endloop
  endfacet
  facet normal 0.67054 0.741874 -0
    outer loop
      vertex -21.9064 18.1536 5
      vertex -21.9428 18.1865 30
      vertex -21.9064 18.1536 30
    endloop
  endfacet
  facet normal 0.67054 0.741874 0
    outer loop
      vertex -21.9428 18.1865 30
      vertex -21.9064 18.1536 5
      vertex -21.9428 18.1865 5
    endloop
  endfacet
  facet normal 0.146844 0.98916 -0
    outer loop
      vertex -22.1625 18.2904 5
      vertex -22.211 18.2976 30
      vertex -22.1625 18.2904 30
    endloop
  endfacet
  facet normal 0.146844 0.98916 0
    outer loop
      vertex -22.211 18.2976 30
      vertex -22.1625 18.2904 5
      vertex -22.211 18.2976 5
    endloop
  endfacet
  facet normal 0.857133 0.515094 0
    outer loop
      vertex -21.819 18.0357 30
      vertex -21.8443 18.0778 5
      vertex -21.8443 18.0778 30
    endloop
  endfacet
  facet normal 0.857133 0.515094 0
    outer loop
      vertex -21.8443 18.0778 5
      vertex -21.819 18.0357 30
      vertex -21.819 18.0357 5
    endloop
  endfacet
  facet normal -0.67054 0.741874 0
    outer loop
      vertex -22.5772 18.1865 5
      vertex -22.6136 18.1536 30
      vertex -22.5772 18.1865 30
    endloop
  endfacet
  facet normal -0.67054 0.741874 0
    outer loop
      vertex -22.6136 18.1536 30
      vertex -22.5772 18.1865 5
      vertex -22.6136 18.1536 5
    endloop
  endfacet
  facet normal 0.741874 0.67054 0
    outer loop
      vertex -21.8735 18.1172 30
      vertex -21.9064 18.1536 5
      vertex -21.9064 18.1536 30
    endloop
  endfacet
  facet normal 0.741874 0.67054 0
    outer loop
      vertex -21.9064 18.1536 5
      vertex -21.8735 18.1172 30
      vertex -21.8735 18.1172 5
    endloop
  endfacet
  facet normal -0.803413 0.595423 0
    outer loop
      vertex -22.6757 18.0778 5
      vertex -22.6465 18.1172 30
      vertex -22.6465 18.1172 5
    endloop
  endfacet
  facet normal -0.803413 0.595423 0
    outer loop
      vertex -22.6465 18.1172 30
      vertex -22.6757 18.0778 5
      vertex -22.6757 18.0778 30
    endloop
  endfacet
  facet normal -0.741874 0.67054 0
    outer loop
      vertex -22.6465 18.1172 5
      vertex -22.6136 18.1536 30
      vertex -22.6136 18.1536 5
    endloop
  endfacet
  facet normal -0.741874 0.67054 0
    outer loop
      vertex -22.6136 18.1536 30
      vertex -22.6465 18.1172 5
      vertex -22.6465 18.1172 30
    endloop
  endfacet
  facet normal -0.98916 0.146844 0
    outer loop
      vertex -22.7576 17.849 5
      vertex -22.7504 17.8975 30
      vertex -22.7504 17.8975 5
    endloop
  endfacet
  facet normal -0.98916 0.146844 0
    outer loop
      vertex -22.7504 17.8975 30
      vertex -22.7576 17.849 5
      vertex -22.7576 17.849 30
    endloop
  endfacet
  facet normal 0.0489209 0.998803 -0
    outer loop
      vertex -22.211 18.2976 5
      vertex -22.26 18.3 30
      vertex -22.211 18.2976 30
    endloop
  endfacet
  facet normal 0.0489209 0.998803 0
    outer loop
      vertex -22.26 18.3 30
      vertex -22.211 18.2976 5
      vertex -22.26 18.3 5
    endloop
  endfacet
  facet normal -0.857133 0.515094 0
    outer loop
      vertex -22.701 18.0357 5
      vertex -22.6757 18.0778 30
      vertex -22.6757 18.0778 5
    endloop
  endfacet
  facet normal -0.857133 0.515094 0
    outer loop
      vertex -22.6757 18.0778 30
      vertex -22.701 18.0357 5
      vertex -22.701 18.0357 30
    endloop
  endfacet
  facet normal 0 0 -1
    outer loop
      vertex -21.76 17.8 5
      vertex -21.7696 17.8975 5
      vertex -21.7624 17.849 5
    endloop
  endfacet
  facet normal 0 0 -1
    outer loop
      vertex -21.76 17.8 5
      vertex -21.7815 17.9451 5
      vertex -21.7696 17.8975 5
    endloop
  endfacet
  facet normal 0 0 -1
    outer loop
      vertex -21.76 17.8 5
      vertex -21.7981 17.9913 5
      vertex -21.7815 17.9451 5
    endloop
  endfacet
  facet normal 0 0 -1
    outer loop
      vertex -21.76 17.8 5
      vertex -21.819 18.0357 5
      vertex -21.7981 17.9913 5
    endloop
  endfacet
  facet normal 0 0 -1
    outer loop
      vertex -21.76 17.8 5
      vertex -21.8443 18.0778 5
      vertex -21.819 18.0357 5
    endloop
  endfacet
  facet normal 0 0 -1
    outer loop
      vertex -21.76 17.8 5
      vertex -21.8735 18.1172 5
      vertex -21.8443 18.0778 5
    endloop
  endfacet
  facet normal 0 0 -1
    outer loop
      vertex -21.76 17.8 5
      vertex -21.9064 18.1536 5
      vertex -21.8735 18.1172 5
    endloop
  endfacet
  facet normal 0 0 -1
    outer loop
      vertex -21.76 17.8 5
      vertex -21.9428 18.1865 5
      vertex -21.9064 18.1536 5
    endloop
  endfacet
  facet normal 0 0 -1
    outer loop
      vertex -21.76 17.8 5
      vertex -21.9822 18.2157 5
      vertex -21.9428 18.1865 5
    endloop
  endfacet
  facet normal 0 0 -1
    outer loop
      vertex -21.76 17.8 5
      vertex -22.0243 18.241 5
      vertex -21.9822 18.2157 5
    endloop
  endfacet
  facet normal 0 0 -1
    outer loop
      vertex -21.76 17.8 5
      vertex -22.0687 18.2619 5
      vertex -22.0243 18.241 5
    endloop
  endfacet
  facet normal 0 0 -1
    outer loop
      vertex -21.76 17.8 5
      vertex -22.1149 18.2785 5
      vertex -22.0687 18.2619 5
    endloop
  endfacet
  facet normal 0 0 -1
    outer loop
      vertex -21.76 17.8 5
      vertex -22.1625 18.2904 5
      vertex -22.1149 18.2785 5
    endloop
  endfacet
  facet normal 0 0 -1
    outer loop
      vertex -21.76 17.8 5
      vertex -22.211 18.2976 5
      vertex -22.1625 18.2904 5
    endloop
  endfacet
  facet normal 0 0 -1
    outer loop
      vertex -21.76 17.8 5
      vertex -22.26 18.3 5
      vertex -22.211 18.2976 5
    endloop
  endfacet
  facet normal 0 0 -1
    outer loop
      vertex -21.76 17.8 5
      vertex -22.309 18.2976 5
      vertex -22.26 18.3 5
    endloop
  endfacet
  facet normal 0 0 -1
    outer loop
      vertex -21.76 17.8 5
      vertex -22.3575 18.2904 5
      vertex -22.309 18.2976 5
    endloop
  endfacet
  facet normal 0 0 -1
    outer loop
      vertex -21.76 17.8 5
      vertex -22.4051 18.2785 5
      vertex -22.3575 18.2904 5
    endloop
  endfacet
  facet normal 0 0 -1
    outer loop
      vertex -21.76 17.8 5
      vertex -22.4513 18.2619 5
      vertex -22.4051 18.2785 5
    endloop
  endfacet
  facet normal 0 0 -1
    outer loop
      vertex -21.76 17.8 5
      vertex -22.4957 18.241 5
      vertex -22.4513 18.2619 5
    endloop
  endfacet
  facet normal 0 0 -1
    outer loop
      vertex -21.76 17.8 5
      vertex -22.5378 18.2157 5
      vertex -22.4957 18.241 5
    endloop
  endfacet
  facet normal 0 0 -1
    outer loop
      vertex -21.76 17.8 5
      vertex -22.5772 18.1865 5
      vertex -22.5378 18.2157 5
    endloop
  endfacet
  facet normal 0 0 -1
    outer loop
      vertex -21.76 17.8 5
      vertex -22.6136 18.1536 5
      vertex -22.5772 18.1865 5
    endloop
  endfacet
  facet normal 0 0 -1
    outer loop
      vertex -21.76 17.8 5
      vertex -22.6465 18.1172 5
      vertex -22.6136 18.1536 5
    endloop
  endfacet
  facet normal 0 0 -1
    outer loop
      vertex -21.76 17.8 5
      vertex -22.6757 18.0778 5
      vertex -22.6465 18.1172 5
    endloop
  endfacet
  facet normal 0 0 -1
    outer loop
      vertex -21.76 17.8 5
      vertex -22.701 18.0357 5
      vertex -22.6757 18.0778 5
    endloop
  endfacet
  facet normal 0 0 -1
    outer loop
      vertex -21.76 17.8 5
      vertex -22.7219 17.9913 5
      vertex -22.701 18.0357 5
    endloop
  endfacet
  facet normal 0 0 -1
    outer loop
      vertex -21.76 17.8 5
      vertex -22.7385 17.9451 5
      vertex -22.7219 17.9913 5
    endloop
  endfacet
  facet normal 0 0 -1
    outer loop
      vertex -21.76 17.8 5
      vertex -22.7504 17.8975 5
      vertex -22.7385 17.9451 5
    endloop
  endfacet
  facet normal 0 0 -1
    outer loop
      vertex -21.76 17.8 5
      vertex -22.7576 17.849 5
      vertex -22.7504 17.8975 5
    endloop
  endfacet
  facet normal 0 0 -1
    outer loop
      vertex -22.76 17.8 5
      vertex -22.7576 17.849 5
      vertex -21.76 17.8 5
    endloop
  endfacet
  facet normal -0.998803 0.0489209 0
    outer loop
      vertex -22.76 17.8 5
      vertex -22.7576 17.849 30
      vertex -22.7576 17.849 5
    endloop
  endfacet
  facet normal -0.998803 0.0489209 0
    outer loop
      vertex -22.7576 17.849 30
      vertex -22.76 17.8 5
      vertex -22.76 17.8 30
    endloop
  endfacet
  facet normal 0.98916 0.146844 0
    outer loop
      vertex 0.497592 17.849 30
      vertex 0.490392 17.8975 5
      vertex 0.490392 17.8975 30
    endloop
  endfacet
  facet normal 0.98916 0.146844 0
    outer loop
      vertex 0.490392 17.8975 5
      vertex 0.497592 17.849 30
      vertex 0.497592 17.849 5
    endloop
  endfacet
  facet normal 0.998795 0.0490836 0
    outer loop
      vertex 0.5 17.8 30
      vertex 0.497592 17.849 5
      vertex 0.497592 17.849 30
    endloop
  endfacet
  facet normal 0.998795 0.0490836 0
    outer loop
      vertex 0.497592 17.849 5
      vertex 0.5 17.8 30
      vertex 0.5 17.8 5
    endloop
  endfacet
  facet normal 0.970037 0.242958 0
    outer loop
      vertex 0.490392 17.8975 30
      vertex 0.47847 17.9451 5
      vertex 0.47847 17.9451 30
    endloop
  endfacet
  facet normal 0.970037 0.242958 0
    outer loop
      vertex 0.47847 17.9451 5
      vertex 0.490392 17.8975 30
      vertex 0.490392 17.8975 5
    endloop
  endfacet
  facet normal -0.670976 0.741479 0
    outer loop
      vertex -0.317196 18.1865 5
      vertex -0.353553 18.1536 30
      vertex -0.317196 18.1865 30
    endloop
  endfacet
  facet normal -0.670976 0.741479 0
    outer loop
      vertex -0.353553 18.1536 30
      vertex -0.317196 18.1865 5
      vertex -0.353553 18.1536 5
    endloop
  endfacet
  facet normal 0.941542 0.336897 0
    outer loop
      vertex 0.47847 17.9451 30
      vertex 0.461939 17.9913 5
      vertex 0.461939 17.9913 30
    endloop
  endfacet
  facet normal 0.941542 0.336897 0
    outer loop
      vertex 0.461939 17.9913 5
      vertex 0.47847 17.9451 30
      vertex 0.47847 17.9451 5
    endloop
  endfacet
  facet normal 0.338149 0.941093 -0
    outer loop
      vertex 0.191341 18.2619 5
      vertex 0.145142 18.2785 30
      vertex 0.191341 18.2619 30
    endloop
  endfacet
  facet normal 0.338149 0.941093 0
    outer loop
      vertex 0.145142 18.2785 30
      vertex 0.191341 18.2619 5
      vertex 0.145142 18.2785 5
    endloop
  endfacet
  facet normal -0.941542 0.336897 0
    outer loop
      vertex -0.47847 17.9451 5
      vertex -0.461939 17.9913 30
      vertex -0.461939 17.9913 5
    endloop
  endfacet
  facet normal -0.941542 0.336897 0
    outer loop
      vertex -0.461939 17.9913 30
      vertex -0.47847 17.9451 5
      vertex -0.47847 17.9451 30
    endloop
  endfacet
  facet normal -0.338149 0.941093 0
    outer loop
      vertex -0.145142 18.2785 5
      vertex -0.191341 18.2619 30
      vertex -0.145142 18.2785 30
    endloop
  endfacet
  facet normal -0.338149 0.941093 0
    outer loop
      vertex -0.191341 18.2619 30
      vertex -0.145142 18.2785 5
      vertex -0.191341 18.2619 5
    endloop
  endfacet
  facet normal 0.242549 0.970139 -0
    outer loop
      vertex 0.145142 18.2785 5
      vertex 0.0975447 18.2904 30
      vertex 0.145142 18.2785 30
    endloop
  endfacet
  facet normal 0.242549 0.970139 0
    outer loop
      vertex 0.0975447 18.2904 30
      vertex 0.145142 18.2785 5
      vertex 0.0975447 18.2904 5
    endloop
  endfacet
  facet normal -0.98916 0.146844 0
    outer loop
      vertex -0.497592 17.849 5
      vertex -0.490392 17.8975 30
      vertex -0.490392 17.8975 5
    endloop
  endfacet
  facet normal -0.98916 0.146844 0
    outer loop
      vertex -0.490392 17.8975 30
      vertex -0.497592 17.849 5
      vertex -0.497592 17.849 30
    endloop
  endfacet
  facet normal -0.146737 0.989176 0
    outer loop
      vertex -0.0490084 18.2976 5
      vertex -0.0975447 18.2904 30
      vertex -0.0490084 18.2976 30
    endloop
  endfacet
  facet normal -0.146737 0.989176 0
    outer loop
      vertex -0.0975447 18.2904 30
      vertex -0.0490084 18.2976 5
      vertex -0.0975447 18.2904 5
    endloop
  endfacet
  facet normal 0.426233 0.904613 -0
    outer loop
      vertex 0.235698 18.241 5
      vertex 0.191341 18.2619 30
      vertex 0.235698 18.241 30
    endloop
  endfacet
  facet normal 0.426233 0.904613 0
    outer loop
      vertex 0.191341 18.2619 30
      vertex 0.235698 18.241 5
      vertex 0.191341 18.2619 5
    endloop
  endfacet
  facet normal -0.426233 0.904613 0
    outer loop
      vertex -0.191341 18.2619 5
      vertex -0.235698 18.241 30
      vertex -0.191341 18.2619 30
    endloop
  endfacet
  facet normal -0.426233 0.904613 0
    outer loop
      vertex -0.235698 18.241 30
      vertex -0.191341 18.2619 5
      vertex -0.235698 18.241 5
    endloop
  endfacet
  facet normal -0.242549 0.970139 0
    outer loop
      vertex -0.0975447 18.2904 5
      vertex -0.145142 18.2785 30
      vertex -0.0975447 18.2904 30
    endloop
  endfacet
  facet normal -0.242549 0.970139 0
    outer loop
      vertex -0.145142 18.2785 30
      vertex -0.0975447 18.2904 5
      vertex -0.145142 18.2785 5
    endloop
  endfacet
  facet normal 0.80313 0.595804 0
    outer loop
      vertex 0.415734 18.0778 30
      vertex 0.386505 18.1172 5
      vertex 0.386505 18.1172 30
    endloop
  endfacet
  facet normal 0.80313 0.595804 0
    outer loop
      vertex 0.386505 18.1172 5
      vertex 0.415734 18.0778 30
      vertex 0.415734 18.0778 5
    endloop
  endfacet
  facet normal 0 -1 0
    outer loop
      vertex -0.499999 17.8 5
      vertex -0.5 17.8 30
      vertex -0.5 17.8 5
    endloop
  endfacet
  facet normal 0 -1 0
    outer loop
      vertex -0.5 17.8 30
      vertex -0.499999 17.8 5
      vertex -0.499999 17.8 30
    endloop
  endfacet
  facet normal 0 -1 0
    outer loop
      vertex 0.499999 17.8 30
      vertex 0.5 17.8 5
      vertex 0.5 17.8 30
    endloop
  endfacet
  facet normal 0 -1 0
    outer loop
      vertex 0.5 17.8 5
      vertex 0.499999 17.8 30
      vertex 0.499999 17.8 5
    endloop
  endfacet
  facet normal 0.670976 0.741479 -0
    outer loop
      vertex 0.353553 18.1536 5
      vertex 0.317196 18.1865 30
      vertex 0.353553 18.1536 30
    endloop
  endfacet
  facet normal 0.670976 0.741479 0
    outer loop
      vertex 0.317196 18.1865 30
      vertex 0.353553 18.1536 5
      vertex 0.317196 18.1865 5
    endloop
  endfacet
  facet normal -0.741347 0.671122 0
    outer loop
      vertex -0.386505 18.1172 5
      vertex -0.353553 18.1536 30
      vertex -0.353553 18.1536 5
    endloop
  endfacet
  facet normal -0.741347 0.671122 0
    outer loop
      vertex -0.353553 18.1536 30
      vertex -0.386505 18.1172 5
      vertex -0.386505 18.1172 30
    endloop
  endfacet
  facet normal -0.0489126 0.998803 0
    outer loop
      vertex 0 18.3 5
      vertex -0.0490084 18.2976 30
      vertex 0 18.3 30
    endloop
  endfacet
  facet normal -0.0489126 0.998803 0
    outer loop
      vertex -0.0490084 18.2976 30
      vertex 0 18.3 5
      vertex -0.0490084 18.2976 5
    endloop
  endfacet
  facet normal 0.595306 0.803499 -0
    outer loop
      vertex 0.317196 18.1865 5
      vertex 0.277784 18.2157 30
      vertex 0.317196 18.1865 30
    endloop
  endfacet
  facet normal 0.595306 0.803499 0
    outer loop
      vertex 0.277784 18.2157 30
      vertex 0.317196 18.1865 5
      vertex 0.277784 18.2157 5
    endloop
  endfacet
  facet normal 0.51522 0.857058 -0
    outer loop
      vertex 0.277784 18.2157 5
      vertex 0.235698 18.241 30
      vertex 0.277784 18.2157 30
    endloop
  endfacet
  facet normal 0.51522 0.857058 0
    outer loop
      vertex 0.235698 18.241 30
      vertex 0.277784 18.2157 5
      vertex 0.235698 18.241 5
    endloop
  endfacet
  facet normal -0.998795 0.0490836 0
    outer loop
      vertex -0.5 17.8 5
      vertex -0.497592 17.849 30
      vertex -0.497592 17.849 5
    endloop
  endfacet
  facet normal -0.998795 0.0490836 0
    outer loop
      vertex -0.497592 17.849 30
      vertex -0.5 17.8 5
      vertex -0.5 17.8 30
    endloop
  endfacet
  facet normal -0.595306 0.803499 0
    outer loop
      vertex -0.277784 18.2157 5
      vertex -0.317196 18.1865 30
      vertex -0.277784 18.2157 30
    endloop
  endfacet
  facet normal -0.595306 0.803499 0
    outer loop
      vertex -0.317196 18.1865 30
      vertex -0.277784 18.2157 5
      vertex -0.317196 18.1865 5
    endloop
  endfacet
  facet normal -0.970037 0.242958 0
    outer loop
      vertex -0.490392 17.8975 5
      vertex -0.47847 17.9451 30
      vertex -0.47847 17.9451 5
    endloop
  endfacet
  facet normal -0.970037 0.242958 0
    outer loop
      vertex -0.47847 17.9451 30
      vertex -0.490392 17.8975 5
      vertex -0.490392 17.8975 30
    endloop
  endfacet
  facet normal -0.51522 0.857058 0
    outer loop
      vertex -0.235698 18.241 5
      vertex -0.277784 18.2157 30
      vertex -0.235698 18.241 30
    endloop
  endfacet
  facet normal -0.51522 0.857058 0
    outer loop
      vertex -0.277784 18.2157 30
      vertex -0.235698 18.241 5
      vertex -0.277784 18.2157 5
    endloop
  endfacet
  facet normal -0.904152 0.427212 0
    outer loop
      vertex -0.461939 17.9913 5
      vertex -0.44096 18.0357 30
      vertex -0.44096 18.0357 5
    endloop
  endfacet
  facet normal -0.904152 0.427212 0
    outer loop
      vertex -0.44096 18.0357 30
      vertex -0.461939 17.9913 5
      vertex -0.461939 17.9913 30
    endloop
  endfacet
  facet normal 0.904152 0.427212 0
    outer loop
      vertex 0.461939 17.9913 30
      vertex 0.44096 18.0357 5
      vertex 0.44096 18.0357 30
    endloop
  endfacet
  facet normal 0.904152 0.427212 0
    outer loop
      vertex 0.44096 18.0357 5
      vertex 0.461939 17.9913 30
      vertex 0.461939 17.9913 5
    endloop
  endfacet
  facet normal 0.0489126 0.998803 -0
    outer loop
      vertex 0.0490084 18.2976 5
      vertex 0 18.3 30
      vertex 0.0490084 18.2976 30
    endloop
  endfacet
  facet normal 0.0489126 0.998803 0
    outer loop
      vertex 0 18.3 30
      vertex 0.0490084 18.2976 5
      vertex 0 18.3 5
    endloop
  endfacet
  facet normal 0.857798 0.513986 0
    outer loop
      vertex 0.44096 18.0357 30
      vertex 0.415734 18.0778 5
      vertex 0.415734 18.0778 30
    endloop
  endfacet
  facet normal 0.857798 0.513986 0
    outer loop
      vertex 0.415734 18.0778 5
      vertex 0.44096 18.0357 30
      vertex 0.44096 18.0357 5
    endloop
  endfacet
  facet normal -0.80313 0.595804 0
    outer loop
      vertex -0.415734 18.0778 5
      vertex -0.386505 18.1172 30
      vertex -0.386505 18.1172 5
    endloop
  endfacet
  facet normal -0.80313 0.595804 0
    outer loop
      vertex -0.386505 18.1172 30
      vertex -0.415734 18.0778 5
      vertex -0.415734 18.0778 30
    endloop
  endfacet
  facet normal 0.741347 0.671122 0
    outer loop
      vertex 0.386505 18.1172 30
      vertex 0.353553 18.1536 5
      vertex 0.353553 18.1536 30
    endloop
  endfacet
  facet normal 0.741347 0.671122 0
    outer loop
      vertex 0.353553 18.1536 5
      vertex 0.386505 18.1172 30
      vertex 0.386505 18.1172 5
    endloop
  endfacet
  facet normal 0.146737 0.989176 -0
    outer loop
      vertex 0.0975447 18.2904 5
      vertex 0.0490084 18.2976 30
      vertex 0.0975447 18.2904 30
    endloop
  endfacet
  facet normal 0.146737 0.989176 0
    outer loop
      vertex 0.0490084 18.2976 30
      vertex 0.0975447 18.2904 5
      vertex 0.0490084 18.2976 5
    endloop
  endfacet
  facet normal -0.857798 0.513986 0
    outer loop
      vertex -0.44096 18.0357 5
      vertex -0.415734 18.0778 30
      vertex -0.415734 18.0778 5
    endloop
  endfacet
  facet normal -0.857798 0.513986 0
    outer loop
      vertex -0.415734 18.0778 30
      vertex -0.44096 18.0357 5
      vertex -0.44096 18.0357 30
    endloop
  endfacet
  facet normal 0 0 1
    outer loop
      vertex 0.497592 17.849 30
      vertex 0.499999 17.8 30
      vertex 0.5 17.8 30
    endloop
  endfacet
  facet normal 0 0 1
    outer loop
      vertex 0.490392 17.8975 30
      vertex 0.499999 17.8 30
      vertex 0.497592 17.849 30
    endloop
  endfacet
  facet normal 0 0 1
    outer loop
      vertex 0.47847 17.9451 30
      vertex 0.499999 17.8 30
      vertex 0.490392 17.8975 30
    endloop
  endfacet
  facet normal 0 0 1
    outer loop
      vertex 0.461939 17.9913 30
      vertex 0.499999 17.8 30
      vertex 0.47847 17.9451 30
    endloop
  endfacet
  facet normal 0 0 1
    outer loop
      vertex 0.44096 18.0357 30
      vertex 0.499999 17.8 30
      vertex 0.461939 17.9913 30
    endloop
  endfacet
  facet normal 0 0 1
    outer loop
      vertex 0.415734 18.0778 30
      vertex 0.499999 17.8 30
      vertex 0.44096 18.0357 30
    endloop
  endfacet
  facet normal 0 0 1
    outer loop
      vertex 0.386505 18.1172 30
      vertex 0.499999 17.8 30
      vertex 0.415734 18.0778 30
    endloop
  endfacet
  facet normal 0 0 1
    outer loop
      vertex 0.353553 18.1536 30
      vertex 0.499999 17.8 30
      vertex 0.386505 18.1172 30
    endloop
  endfacet
  facet normal 0 0 1
    outer loop
      vertex 0.317196 18.1865 30
      vertex 0.499999 17.8 30
      vertex 0.353553 18.1536 30
    endloop
  endfacet
  facet normal 0 0 1
    outer loop
      vertex 0.277784 18.2157 30
      vertex 0.499999 17.8 30
      vertex 0.317196 18.1865 30
    endloop
  endfacet
  facet normal 0 0 1
    outer loop
      vertex 0.235698 18.241 30
      vertex 0.499999 17.8 30
      vertex 0.277784 18.2157 30
    endloop
  endfacet
  facet normal 0 0 1
    outer loop
      vertex 0.191341 18.2619 30
      vertex 0.499999 17.8 30
      vertex 0.235698 18.241 30
    endloop
  endfacet
  facet normal 0 0 1
    outer loop
      vertex 0.145142 18.2785 30
      vertex 0.499999 17.8 30
      vertex 0.191341 18.2619 30
    endloop
  endfacet
  facet normal 0 0 1
    outer loop
      vertex 0.0975447 18.2904 30
      vertex 0.499999 17.8 30
      vertex 0.145142 18.2785 30
    endloop
  endfacet
  facet normal 0 0 1
    outer loop
      vertex 0.0490084 18.2976 30
      vertex 0.499999 17.8 30
      vertex 0.0975447 18.2904 30
    endloop
  endfacet
  facet normal 0 0 1
    outer loop
      vertex 0 18.3 30
      vertex 0.499999 17.8 30
      vertex 0.0490084 18.2976 30
    endloop
  endfacet
  facet normal -0 0 1
    outer loop
      vertex -0.0490084 18.2976 30
      vertex 0.499999 17.8 30
      vertex 0 18.3 30
    endloop
  endfacet
  facet normal -0 0 1
    outer loop
      vertex -0.0975447 18.2904 30
      vertex 0.499999 17.8 30
      vertex -0.0490084 18.2976 30
    endloop
  endfacet
  facet normal -0 0 1
    outer loop
      vertex -0.145142 18.2785 30
      vertex 0.499999 17.8 30
      vertex -0.0975447 18.2904 30
    endloop
  endfacet
  facet normal -0 0 1
    outer loop
      vertex -0.191341 18.2619 30
      vertex 0.499999 17.8 30
      vertex -0.145142 18.2785 30
    endloop
  endfacet
  facet normal -0 0 1
    outer loop
      vertex -0.235698 18.241 30
      vertex 0.499999 17.8 30
      vertex -0.191341 18.2619 30
    endloop
  endfacet
  facet normal -0 0 1
    outer loop
      vertex -0.277784 18.2157 30
      vertex 0.499999 17.8 30
      vertex -0.235698 18.241 30
    endloop
  endfacet
  facet normal -0 0 1
    outer loop
      vertex -0.317196 18.1865 30
      vertex 0.499999 17.8 30
      vertex -0.277784 18.2157 30
    endloop
  endfacet
  facet normal -0 0 1
    outer loop
      vertex -0.353553 18.1536 30
      vertex 0.499999 17.8 30
      vertex -0.317196 18.1865 30
    endloop
  endfacet
  facet normal -0 0 1
    outer loop
      vertex -0.386505 18.1172 30
      vertex 0.499999 17.8 30
      vertex -0.353553 18.1536 30
    endloop
  endfacet
  facet normal -0 0 1
    outer loop
      vertex -0.415734 18.0778 30
      vertex 0.499999 17.8 30
      vertex -0.386505 18.1172 30
    endloop
  endfacet
  facet normal -0 0 1
    outer loop
      vertex -0.44096 18.0357 30
      vertex 0.499999 17.8 30
      vertex -0.415734 18.0778 30
    endloop
  endfacet
  facet normal -0 0 1
    outer loop
      vertex -0.461939 17.9913 30
      vertex 0.499999 17.8 30
      vertex -0.44096 18.0357 30
    endloop
  endfacet
  facet normal -0 0 1
    outer loop
      vertex -0.47847 17.9451 30
      vertex 0.499999 17.8 30
      vertex -0.461939 17.9913 30
    endloop
  endfacet
  facet normal -0 0 1
    outer loop
      vertex -0.490392 17.8975 30
      vertex 0.499999 17.8 30
      vertex -0.47847 17.9451 30
    endloop
  endfacet
  facet normal -0 0 1
    outer loop
      vertex -0.497592 17.849 30
      vertex 0.499999 17.8 30
      vertex -0.490392 17.8975 30
    endloop
  endfacet
  facet normal 0 0 1
    outer loop
      vertex -0.497592 17.849 30
      vertex -0.499999 17.8 30
      vertex 0.499999 17.8 30
    endloop
  endfacet
  facet normal 0 -0 1
    outer loop
      vertex -0.499999 17.8 30
      vertex -0.497592 17.849 30
      vertex -0.5 17.8 30
    endloop
  endfacet
  facet normal 0 0 -1
    outer loop
      vertex 0.499999 17.8 5
      vertex 0.497592 17.849 5
      vertex 0.5 17.8 5
    endloop
  endfacet
  facet normal 0 0 -1
    outer loop
      vertex 0.499999 17.8 5
      vertex 0.490392 17.8975 5
      vertex 0.497592 17.849 5
    endloop
  endfacet
  facet normal 0 0 -1
    outer loop
      vertex 0.499999 17.8 5
      vertex 0.47847 17.9451 5
      vertex 0.490392 17.8975 5
    endloop
  endfacet
  facet normal 0 0 -1
    outer loop
      vertex 0.499999 17.8 5
      vertex 0.461939 17.9913 5
      vertex 0.47847 17.9451 5
    endloop
  endfacet
  facet normal 0 0 -1
    outer loop
      vertex 0.499999 17.8 5
      vertex 0.44096 18.0357 5
      vertex 0.461939 17.9913 5
    endloop
  endfacet
  facet normal 0 0 -1
    outer loop
      vertex 0.499999 17.8 5
      vertex 0.415734 18.0778 5
      vertex 0.44096 18.0357 5
    endloop
  endfacet
  facet normal 0 0 -1
    outer loop
      vertex 0.499999 17.8 5
      vertex 0.386505 18.1172 5
      vertex 0.415734 18.0778 5
    endloop
  endfacet
  facet normal 0 0 -1
    outer loop
      vertex 0.499999 17.8 5
      vertex 0.353553 18.1536 5
      vertex 0.386505 18.1172 5
    endloop
  endfacet
  facet normal 0 0 -1
    outer loop
      vertex 0.499999 17.8 5
      vertex 0.317196 18.1865 5
      vertex 0.353553 18.1536 5
    endloop
  endfacet
  facet normal 0 0 -1
    outer loop
      vertex 0.499999 17.8 5
      vertex 0.277784 18.2157 5
      vertex 0.317196 18.1865 5
    endloop
  endfacet
  facet normal 0 0 -1
    outer loop
      vertex 0.499999 17.8 5
      vertex 0.235698 18.241 5
      vertex 0.277784 18.2157 5
    endloop
  endfacet
  facet normal 0 0 -1
    outer loop
      vertex 0.499999 17.8 5
      vertex 0.191341 18.2619 5
      vertex 0.235698 18.241 5
    endloop
  endfacet
  facet normal 0 0 -1
    outer loop
      vertex 0.499999 17.8 5
      vertex 0.145142 18.2785 5
      vertex 0.191341 18.2619 5
    endloop
  endfacet
  facet normal 0 0 -1
    outer loop
      vertex 0.499999 17.8 5
      vertex 0.0975447 18.2904 5
      vertex 0.145142 18.2785 5
    endloop
  endfacet
  facet normal 0 0 -1
    outer loop
      vertex 0.499999 17.8 5
      vertex 0.0490084 18.2976 5
      vertex 0.0975447 18.2904 5
    endloop
  endfacet
  facet normal 0 0 -1
    outer loop
      vertex 0.499999 17.8 5
      vertex 0 18.3 5
      vertex 0.0490084 18.2976 5
    endloop
  endfacet
  facet normal 0 0 -1
    outer loop
      vertex 0.499999 17.8 5
      vertex -0.0490084 18.2976 5
      vertex 0 18.3 5
    endloop
  endfacet
  facet normal 0 0 -1
    outer loop
      vertex 0.499999 17.8 5
      vertex -0.0975447 18.2904 5
      vertex -0.0490084 18.2976 5
    endloop
  endfacet
  facet normal 0 0 -1
    outer loop
      vertex 0.499999 17.8 5
      vertex -0.145142 18.2785 5
      vertex -0.0975447 18.2904 5
    endloop
  endfacet
  facet normal 0 0 -1
    outer loop
      vertex 0.499999 17.8 5
      vertex -0.191341 18.2619 5
      vertex -0.145142 18.2785 5
    endloop
  endfacet
  facet normal 0 0 -1
    outer loop
      vertex 0.499999 17.8 5
      vertex -0.235698 18.241 5
      vertex -0.191341 18.2619 5
    endloop
  endfacet
  facet normal 0 0 -1
    outer loop
      vertex 0.499999 17.8 5
      vertex -0.277784 18.2157 5
      vertex -0.235698 18.241 5
    endloop
  endfacet
  facet normal 0 0 -1
    outer loop
      vertex 0.499999 17.8 5
      vertex -0.317196 18.1865 5
      vertex -0.277784 18.2157 5
    endloop
  endfacet
  facet normal 0 0 -1
    outer loop
      vertex 0.499999 17.8 5
      vertex -0.353553 18.1536 5
      vertex -0.317196 18.1865 5
    endloop
  endfacet
  facet normal 0 0 -1
    outer loop
      vertex 0.499999 17.8 5
      vertex -0.386505 18.1172 5
      vertex -0.353553 18.1536 5
    endloop
  endfacet
  facet normal 0 0 -1
    outer loop
      vertex 0.499999 17.8 5
      vertex -0.415734 18.0778 5
      vertex -0.386505 18.1172 5
    endloop
  endfacet
  facet normal 0 0 -1
    outer loop
      vertex 0.499999 17.8 5
      vertex -0.44096 18.0357 5
      vertex -0.415734 18.0778 5
    endloop
  endfacet
  facet normal 0 0 -1
    outer loop
      vertex 0.499999 17.8 5
      vertex -0.461939 17.9913 5
      vertex -0.44096 18.0357 5
    endloop
  endfacet
  facet normal 0 0 -1
    outer loop
      vertex 0.499999 17.8 5
      vertex -0.47847 17.9451 5
      vertex -0.461939 17.9913 5
    endloop
  endfacet
  facet normal 0 0 -1
    outer loop
      vertex 0.499999 17.8 5
      vertex -0.490392 17.8975 5
      vertex -0.47847 17.9451 5
    endloop
  endfacet
  facet normal 0 0 -1
    outer loop
      vertex 0.499999 17.8 5
      vertex -0.497592 17.849 5
      vertex -0.490392 17.8975 5
    endloop
  endfacet
  facet normal 0 0 -1
    outer loop
      vertex -0.499999 17.8 5
      vertex -0.497592 17.849 5
      vertex 0.499999 17.8 5
    endloop
  endfacet
  facet normal 0 0 -1
    outer loop
      vertex -0.497592 17.849 5
      vertex -0.499999 17.8 5
      vertex -0.5 17.8 5
    endloop
  endfacet
  facet normal 0.98916 0.146844 0
    outer loop
      vertex 22.7576 17.849 30
      vertex 22.7504 17.8975 5
      vertex 22.7504 17.8975 30
    endloop
  endfacet
  facet normal 0.98916 0.146844 0
    outer loop
      vertex 22.7504 17.8975 5
      vertex 22.7576 17.849 30
      vertex 22.7576 17.849 5
    endloop
  endfacet
  facet normal 0.998803 0.0489209 0
    outer loop
      vertex 22.76 17.8 30
      vertex 22.7576 17.849 5
      vertex 22.7576 17.849 30
    endloop
  endfacet
  facet normal 0.998803 0.0489209 0
    outer loop
      vertex 22.7576 17.849 5
      vertex 22.76 17.8 30
      vertex 22.76 17.8 5
    endloop
  endfacet
  facet normal 0.970143 0.242536 0
    outer loop
      vertex 22.7504 17.8975 30
      vertex 22.7385 17.9451 5
      vertex 22.7385 17.9451 30
    endloop
  endfacet
  facet normal 0.970143 0.242536 0
    outer loop
      vertex 22.7385 17.9451 5
      vertex 22.7504 17.8975 30
      vertex 22.7504 17.8975 5
    endloop
  endfacet
  facet normal 0.0489209 0.998803 -0
    outer loop
      vertex 22.309 18.2976 5
      vertex 22.26 18.3 30
      vertex 22.309 18.2976 30
    endloop
  endfacet
  facet normal 0.0489209 0.998803 0
    outer loop
      vertex 22.26 18.3 30
      vertex 22.309 18.2976 5
      vertex 22.26 18.3 5
    endloop
  endfacet
  facet normal 0.338142 0.941095 -0
    outer loop
      vertex 22.4513 18.2619 5
      vertex 22.4051 18.2785 30
      vertex 22.4513 18.2619 30
    endloop
  endfacet
  facet normal 0.338142 0.941095 0
    outer loop
      vertex 22.4051 18.2785 30
      vertex 22.4513 18.2619 5
      vertex 22.4051 18.2785 5
    endloop
  endfacet
  facet normal -0.970143 0.242536 0
    outer loop
      vertex 21.7696 17.8975 5
      vertex 21.7815 17.9451 30
      vertex 21.7815 17.9451 5
    endloop
  endfacet
  facet normal -0.970143 0.242536 0
    outer loop
      vertex 21.7815 17.9451 30
      vertex 21.7696 17.8975 5
      vertex 21.7696 17.8975 30
    endloop
  endfacet
  facet normal -0.242536 0.970143 0
    outer loop
      vertex 22.1625 18.2904 5
      vertex 22.1149 18.2785 30
      vertex 22.1625 18.2904 30
    endloop
  endfacet
  facet normal -0.242536 0.970143 0
    outer loop
      vertex 22.1149 18.2785 30
      vertex 22.1625 18.2904 5
      vertex 22.1149 18.2785 5
    endloop
  endfacet
  facet normal 0 0 -1
    outer loop
      vertex 22.76 17.8 5
      vertex 22.7504 17.8975 5
      vertex 22.7576 17.849 5
    endloop
  endfacet
  facet normal 0 0 -1
    outer loop
      vertex 22.76 17.8 5
      vertex 22.7385 17.9451 5
      vertex 22.7504 17.8975 5
    endloop
  endfacet
  facet normal 0 0 -1
    outer loop
      vertex 22.76 17.8 5
      vertex 22.7219 17.9913 5
      vertex 22.7385 17.9451 5
    endloop
  endfacet
  facet normal 0 0 -1
    outer loop
      vertex 22.76 17.8 5
      vertex 22.701 18.0357 5
      vertex 22.7219 17.9913 5
    endloop
  endfacet
  facet normal 0 0 -1
    outer loop
      vertex 22.76 17.8 5
      vertex 22.6757 18.0778 5
      vertex 22.701 18.0357 5
    endloop
  endfacet
  facet normal 0 0 -1
    outer loop
      vertex 22.76 17.8 5
      vertex 22.6465 18.1172 5
      vertex 22.6757 18.0778 5
    endloop
  endfacet
  facet normal 0 0 -1
    outer loop
      vertex 22.76 17.8 5
      vertex 22.6136 18.1536 5
      vertex 22.6465 18.1172 5
    endloop
  endfacet
  facet normal 0 0 -1
    outer loop
      vertex 22.76 17.8 5
      vertex 22.5772 18.1865 5
      vertex 22.6136 18.1536 5
    endloop
  endfacet
  facet normal 0 0 -1
    outer loop
      vertex 22.76 17.8 5
      vertex 22.5378 18.2157 5
      vertex 22.5772 18.1865 5
    endloop
  endfacet
  facet normal 0 0 -1
    outer loop
      vertex 22.76 17.8 5
      vertex 22.4957 18.241 5
      vertex 22.5378 18.2157 5
    endloop
  endfacet
  facet normal 0 0 -1
    outer loop
      vertex 22.76 17.8 5
      vertex 22.4513 18.2619 5
      vertex 22.4957 18.241 5
    endloop
  endfacet
  facet normal 0 0 -1
    outer loop
      vertex 22.76 17.8 5
      vertex 22.4051 18.2785 5
      vertex 22.4513 18.2619 5
    endloop
  endfacet
  facet normal 0 0 -1
    outer loop
      vertex 22.76 17.8 5
      vertex 22.3575 18.2904 5
      vertex 22.4051 18.2785 5
    endloop
  endfacet
  facet normal 0 0 -1
    outer loop
      vertex 22.76 17.8 5
      vertex 22.309 18.2976 5
      vertex 22.3575 18.2904 5
    endloop
  endfacet
  facet normal 0 0 -1
    outer loop
      vertex 22.76 17.8 5
      vertex 22.26 18.3 5
      vertex 22.309 18.2976 5
    endloop
  endfacet
  facet normal 0 0 -1
    outer loop
      vertex 22.76 17.8 5
      vertex 22.211 18.2976 5
      vertex 22.26 18.3 5
    endloop
  endfacet
  facet normal 0 0 -1
    outer loop
      vertex 22.76 17.8 5
      vertex 22.1625 18.2904 5
      vertex 22.211 18.2976 5
    endloop
  endfacet
  facet normal 0 0 -1
    outer loop
      vertex 22.76 17.8 5
      vertex 22.1149 18.2785 5
      vertex 22.1625 18.2904 5
    endloop
  endfacet
  facet normal 0 0 -1
    outer loop
      vertex 22.76 17.8 5
      vertex 22.0687 18.2619 5
      vertex 22.1149 18.2785 5
    endloop
  endfacet
  facet normal 0 0 -1
    outer loop
      vertex 22.76 17.8 5
      vertex 22.0243 18.241 5
      vertex 22.0687 18.2619 5
    endloop
  endfacet
  facet normal 0 0 -1
    outer loop
      vertex 22.76 17.8 5
      vertex 21.9822 18.2157 5
      vertex 22.0243 18.241 5
    endloop
  endfacet
  facet normal 0 0 -1
    outer loop
      vertex 22.76 17.8 5
      vertex 21.9428 18.1865 5
      vertex 21.9822 18.2157 5
    endloop
  endfacet
  facet normal 0 0 -1
    outer loop
      vertex 22.76 17.8 5
      vertex 21.9064 18.1536 5
      vertex 21.9428 18.1865 5
    endloop
  endfacet
  facet normal 0 0 -1
    outer loop
      vertex 22.76 17.8 5
      vertex 21.8735 18.1172 5
      vertex 21.9064 18.1536 5
    endloop
  endfacet
  facet normal 0 0 -1
    outer loop
      vertex 22.76 17.8 5
      vertex 21.8443 18.0778 5
      vertex 21.8735 18.1172 5
    endloop
  endfacet
  facet normal 0 0 -1
    outer loop
      vertex 22.76 17.8 5
      vertex 21.819 18.0357 5
      vertex 21.8443 18.0778 5
    endloop
  endfacet
  facet normal 0 0 -1
    outer loop
      vertex 22.76 17.8 5
      vertex 21.7981 17.9913 5
      vertex 21.819 18.0357 5
    endloop
  endfacet
  facet normal 0 0 -1
    outer loop
      vertex 22.76 17.8 5
      vertex 21.7815 17.9451 5
      vertex 21.7981 17.9913 5
    endloop
  endfacet
  facet normal 0 0 -1
    outer loop
      vertex 22.76 17.8 5
      vertex 21.7696 17.8975 5
      vertex 21.7815 17.9451 5
    endloop
  endfacet
  facet normal 0 0 -1
    outer loop
      vertex 22.76 17.8 5
      vertex 21.7624 17.849 5
      vertex 21.7696 17.8975 5
    endloop
  endfacet
  facet normal 0 0 -1
    outer loop
      vertex 21.76 17.8 5
      vertex 21.7624 17.849 5
      vertex 22.76 17.8 5
    endloop
  endfacet
  facet normal 0 0 1
    outer loop
      vertex 22.7504 17.8975 30
      vertex 22.76 17.8 30
      vertex 22.7576 17.849 30
    endloop
  endfacet
  facet normal 0 0 1
    outer loop
      vertex 22.7385 17.9451 30
      vertex 22.76 17.8 30
      vertex 22.7504 17.8975 30
    endloop
  endfacet
  facet normal 0 0 1
    outer loop
      vertex 22.7219 17.9913 30
      vertex 22.76 17.8 30
      vertex 22.7385 17.9451 30
    endloop
  endfacet
  facet normal 0 0 1
    outer loop
      vertex 22.701 18.0357 30
      vertex 22.76 17.8 30
      vertex 22.7219 17.9913 30
    endloop
  endfacet
  facet normal 0 0 1
    outer loop
      vertex 22.6757 18.0778 30
      vertex 22.76 17.8 30
      vertex 22.701 18.0357 30
    endloop
  endfacet
  facet normal 0 0 1
    outer loop
      vertex 22.6465 18.1172 30
      vertex 22.76 17.8 30
      vertex 22.6757 18.0778 30
    endloop
  endfacet
  facet normal 0 0 1
    outer loop
      vertex 22.6136 18.1536 30
      vertex 22.76 17.8 30
      vertex 22.6465 18.1172 30
    endloop
  endfacet
  facet normal 0 0 1
    outer loop
      vertex 22.5772 18.1865 30
      vertex 22.76 17.8 30
      vertex 22.6136 18.1536 30
    endloop
  endfacet
  facet normal 0 0 1
    outer loop
      vertex 22.5378 18.2157 30
      vertex 22.76 17.8 30
      vertex 22.5772 18.1865 30
    endloop
  endfacet
  facet normal 0 0 1
    outer loop
      vertex 22.4957 18.241 30
      vertex 22.76 17.8 30
      vertex 22.5378 18.2157 30
    endloop
  endfacet
  facet normal 0 0 1
    outer loop
      vertex 22.4513 18.2619 30
      vertex 22.76 17.8 30
      vertex 22.4957 18.241 30
    endloop
  endfacet
  facet normal 0 0 1
    outer loop
      vertex 22.4051 18.2785 30
      vertex 22.76 17.8 30
      vertex 22.4513 18.2619 30
    endloop
  endfacet
  facet normal 0 0 1
    outer loop
      vertex 22.3575 18.2904 30
      vertex 22.76 17.8 30
      vertex 22.4051 18.2785 30
    endloop
  endfacet
  facet normal 0 0 1
    outer loop
      vertex 22.309 18.2976 30
      vertex 22.76 17.8 30
      vertex 22.3575 18.2904 30
    endloop
  endfacet
  facet normal 0 0 1
    outer loop
      vertex 22.26 18.3 30
      vertex 22.76 17.8 30
      vertex 22.309 18.2976 30
    endloop
  endfacet
  facet normal -0 0 1
    outer loop
      vertex 22.211 18.2976 30
      vertex 22.76 17.8 30
      vertex 22.26 18.3 30
    endloop
  endfacet
  facet normal -0 0 1
    outer loop
      vertex 22.1625 18.2904 30
      vertex 22.76 17.8 30
      vertex 22.211 18.2976 30
    endloop
  endfacet
  facet normal -0 0 1
    outer loop
      vertex 22.1149 18.2785 30
      vertex 22.76 17.8 30
      vertex 22.1625 18.2904 30
    endloop
  endfacet
  facet normal -0 0 1
    outer loop
      vertex 22.0687 18.2619 30
      vertex 22.76 17.8 30
      vertex 22.1149 18.2785 30
    endloop
  endfacet
  facet normal -0 0 1
    outer loop
      vertex 22.0243 18.241 30
      vertex 22.76 17.8 30
      vertex 22.0687 18.2619 30
    endloop
  endfacet
  facet normal -0 0 1
    outer loop
      vertex 21.9822 18.2157 30
      vertex 22.76 17.8 30
      vertex 22.0243 18.241 30
    endloop
  endfacet
  facet normal -0 0 1
    outer loop
      vertex 21.9428 18.1865 30
      vertex 22.76 17.8 30
      vertex 21.9822 18.2157 30
    endloop
  endfacet
  facet normal -0 0 1
    outer loop
      vertex 21.9064 18.1536 30
      vertex 22.76 17.8 30
      vertex 21.9428 18.1865 30
    endloop
  endfacet
  facet normal -0 0 1
    outer loop
      vertex 21.8735 18.1172 30
      vertex 22.76 17.8 30
      vertex 21.9064 18.1536 30
    endloop
  endfacet
  facet normal -0 0 1
    outer loop
      vertex 21.8443 18.0778 30
      vertex 22.76 17.8 30
      vertex 21.8735 18.1172 30
    endloop
  endfacet
  facet normal -0 0 1
    outer loop
      vertex 21.819 18.0357 30
      vertex 22.76 17.8 30
      vertex 21.8443 18.0778 30
    endloop
  endfacet
  facet normal -0 0 1
    outer loop
      vertex 21.7981 17.9913 30
      vertex 22.76 17.8 30
      vertex 21.819 18.0357 30
    endloop
  endfacet
  facet normal -0 0 1
    outer loop
      vertex 21.7815 17.9451 30
      vertex 22.76 17.8 30
      vertex 21.7981 17.9913 30
    endloop
  endfacet
  facet normal -0 0 1
    outer loop
      vertex 21.7696 17.8975 30
      vertex 22.76 17.8 30
      vertex 21.7815 17.9451 30
    endloop
  endfacet
  facet normal -0 0 1
    outer loop
      vertex 21.7624 17.849 30
      vertex 22.76 17.8 30
      vertex 21.7696 17.8975 30
    endloop
  endfacet
  facet normal 0 0 1
    outer loop
      vertex 21.7624 17.849 30
      vertex 21.76 17.8 30
      vertex 22.76 17.8 30
    endloop
  endfacet
  facet normal 0.146844 0.98916 -0
    outer loop
      vertex 22.3575 18.2904 5
      vertex 22.309 18.2976 30
      vertex 22.3575 18.2904 30
    endloop
  endfacet
  facet normal 0.146844 0.98916 0
    outer loop
      vertex 22.309 18.2976 30
      vertex 22.3575 18.2904 5
      vertex 22.309 18.2976 5
    endloop
  endfacet
  facet normal 0.425895 0.904773 -0
    outer loop
      vertex 22.4957 18.241 5
      vertex 22.4513 18.2619 30
      vertex 22.4957 18.241 30
    endloop
  endfacet
  facet normal 0.425895 0.904773 0
    outer loop
      vertex 22.4513 18.2619 30
      vertex 22.4957 18.241 5
      vertex 22.4513 18.2619 5
    endloop
  endfacet
  facet normal -0.904773 0.425895 0
    outer loop
      vertex 21.7981 17.9913 5
      vertex 21.819 18.0357 30
      vertex 21.819 18.0357 5
    endloop
  endfacet
  facet normal -0.904773 0.425895 0
    outer loop
      vertex 21.819 18.0357 30
      vertex 21.7981 17.9913 5
      vertex 21.7981 17.9913 30
    endloop
  endfacet
  facet normal -0.857133 0.515094 0
    outer loop
      vertex 21.819 18.0357 5
      vertex 21.8443 18.0778 30
      vertex 21.8443 18.0778 5
    endloop
  endfacet
  facet normal -0.857133 0.515094 0
    outer loop
      vertex 21.8443 18.0778 30
      vertex 21.819 18.0357 5
      vertex 21.819 18.0357 30
    endloop
  endfacet
  facet normal -0.425895 0.904773 0
    outer loop
      vertex 22.0687 18.2619 5
      vertex 22.0243 18.241 30
      vertex 22.0687 18.2619 30
    endloop
  endfacet
  facet normal -0.425895 0.904773 0
    outer loop
      vertex 22.0243 18.241 30
      vertex 22.0687 18.2619 5
      vertex 22.0243 18.241 5
    endloop
  endfacet
  facet normal -0.67054 0.741874 0
    outer loop
      vertex 21.9428 18.1865 5
      vertex 21.9064 18.1536 30
      vertex 21.9428 18.1865 30
    endloop
  endfacet
  facet normal -0.67054 0.741874 0
    outer loop
      vertex 21.9064 18.1536 30
      vertex 21.9428 18.1865 5
      vertex 21.9064 18.1536 5
    endloop
  endfacet
  facet normal -0.338142 0.941095 0
    outer loop
      vertex 22.1149 18.2785 5
      vertex 22.0687 18.2619 30
      vertex 22.1149 18.2785 30
    endloop
  endfacet
  facet normal -0.338142 0.941095 0
    outer loop
      vertex 22.0687 18.2619 30
      vertex 22.1149 18.2785 5
      vertex 22.0687 18.2619 5
    endloop
  endfacet
  facet normal 0.803413 0.595423 0
    outer loop
      vertex 22.6757 18.0778 30
      vertex 22.6465 18.1172 5
      vertex 22.6465 18.1172 30
    endloop
  endfacet
  facet normal 0.803413 0.595423 0
    outer loop
      vertex 22.6465 18.1172 5
      vertex 22.6757 18.0778 30
      vertex 22.6757 18.0778 5
    endloop
  endfacet
  facet normal -0.803413 0.595423 0
    outer loop
      vertex 21.8443 18.0778 5
      vertex 21.8735 18.1172 30
      vertex 21.8735 18.1172 5
    endloop
  endfacet
  facet normal -0.803413 0.595423 0
    outer loop
      vertex 21.8735 18.1172 30
      vertex 21.8443 18.0778 5
      vertex 21.8443 18.0778 30
    endloop
  endfacet
  facet normal 0.515094 0.857133 -0
    outer loop
      vertex 22.5378 18.2157 5
      vertex 22.4957 18.241 30
      vertex 22.5378 18.2157 30
    endloop
  endfacet
  facet normal 0.515094 0.857133 0
    outer loop
      vertex 22.4957 18.241 30
      vertex 22.5378 18.2157 5
      vertex 22.4957 18.241 5
    endloop
  endfacet
  facet normal 0.595423 0.803413 -0
    outer loop
      vertex 22.5772 18.1865 5
      vertex 22.5378 18.2157 30
      vertex 22.5772 18.1865 30
    endloop
  endfacet
  facet normal 0.595423 0.803413 0
    outer loop
      vertex 22.5378 18.2157 30
      vertex 22.5772 18.1865 5
      vertex 22.5378 18.2157 5
    endloop
  endfacet
  facet normal 0.941095 0.338142 0
    outer loop
      vertex 22.7385 17.9451 30
      vertex 22.7219 17.9913 5
      vertex 22.7219 17.9913 30
    endloop
  endfacet
  facet normal 0.941095 0.338142 0
    outer loop
      vertex 22.7219 17.9913 5
      vertex 22.7385 17.9451 30
      vertex 22.7385 17.9451 5
    endloop
  endfacet
  facet normal 0.741874 0.67054 0
    outer loop
      vertex 22.6465 18.1172 30
      vertex 22.6136 18.1536 5
      vertex 22.6136 18.1536 30
    endloop
  endfacet
  facet normal 0.741874 0.67054 0
    outer loop
      vertex 22.6136 18.1536 5
      vertex 22.6465 18.1172 30
      vertex 22.6465 18.1172 5
    endloop
  endfacet
  facet normal -0.595423 0.803413 0
    outer loop
      vertex 21.9822 18.2157 5
      vertex 21.9428 18.1865 30
      vertex 21.9822 18.2157 30
    endloop
  endfacet
  facet normal -0.595423 0.803413 0
    outer loop
      vertex 21.9428 18.1865 30
      vertex 21.9822 18.2157 5
      vertex 21.9428 18.1865 5
    endloop
  endfacet
  facet normal 0.67054 0.741874 -0
    outer loop
      vertex 22.6136 18.1536 5
      vertex 22.5772 18.1865 30
      vertex 22.6136 18.1536 30
    endloop
  endfacet
  facet normal 0.67054 0.741874 0
    outer loop
      vertex 22.5772 18.1865 30
      vertex 22.6136 18.1536 5
      vertex 22.5772 18.1865 5
    endloop
  endfacet
  facet normal 0.904773 0.425895 0
    outer loop
      vertex 22.7219 17.9913 30
      vertex 22.701 18.0357 5
      vertex 22.701 18.0357 30
    endloop
  endfacet
  facet normal 0.904773 0.425895 0
    outer loop
      vertex 22.701 18.0357 5
      vertex 22.7219 17.9913 30
      vertex 22.7219 17.9913 5
    endloop
  endfacet
  facet normal 0.857133 0.515094 0
    outer loop
      vertex 22.701 18.0357 30
      vertex 22.6757 18.0778 5
      vertex 22.6757 18.0778 30
    endloop
  endfacet
  facet normal 0.857133 0.515094 0
    outer loop
      vertex 22.6757 18.0778 5
      vertex 22.701 18.0357 30
      vertex 22.701 18.0357 5
    endloop
  endfacet
  facet normal -0.0489209 0.998803 0
    outer loop
      vertex 22.26 18.3 5
      vertex 22.211 18.2976 30
      vertex 22.26 18.3 30
    endloop
  endfacet
  facet normal -0.0489209 0.998803 0
    outer loop
      vertex 22.211 18.2976 30
      vertex 22.26 18.3 5
      vertex 22.211 18.2976 5
    endloop
  endfacet
  facet normal -0.741874 0.67054 0
    outer loop
      vertex 21.8735 18.1172 5
      vertex 21.9064 18.1536 30
      vertex 21.9064 18.1536 5
    endloop
  endfacet
  facet normal -0.741874 0.67054 0
    outer loop
      vertex 21.9064 18.1536 30
      vertex 21.8735 18.1172 5
      vertex 21.8735 18.1172 30
    endloop
  endfacet
  facet normal -0.98916 0.146844 0
    outer loop
      vertex 21.7624 17.849 5
      vertex 21.7696 17.8975 30
      vertex 21.7696 17.8975 5
    endloop
  endfacet
  facet normal -0.98916 0.146844 0
    outer loop
      vertex 21.7696 17.8975 30
      vertex 21.7624 17.849 5
      vertex 21.7624 17.849 30
    endloop
  endfacet
  facet normal -0.146844 0.98916 0
    outer loop
      vertex 22.211 18.2976 5
      vertex 22.1625 18.2904 30
      vertex 22.211 18.2976 30
    endloop
  endfacet
  facet normal -0.146844 0.98916 0
    outer loop
      vertex 22.1625 18.2904 30
      vertex 22.211 18.2976 5
      vertex 22.1625 18.2904 5
    endloop
  endfacet
  facet normal 0.242536 0.970143 -0
    outer loop
      vertex 22.4051 18.2785 5
      vertex 22.3575 18.2904 30
      vertex 22.4051 18.2785 30
    endloop
  endfacet
  facet normal 0.242536 0.970143 0
    outer loop
      vertex 22.3575 18.2904 30
      vertex 22.4051 18.2785 5
      vertex 22.3575 18.2904 5
    endloop
  endfacet
  facet normal -0.515094 0.857133 0
    outer loop
      vertex 22.0243 18.241 5
      vertex 21.9822 18.2157 30
      vertex 22.0243 18.241 30
    endloop
  endfacet
  facet normal -0.515094 0.857133 0
    outer loop
      vertex 21.9822 18.2157 30
      vertex 22.0243 18.241 5
      vertex 21.9822 18.2157 5
    endloop
  endfacet
  facet normal -0.941095 0.338142 0
    outer loop
      vertex 21.7815 17.9451 5
      vertex 21.7981 17.9913 30
      vertex 21.7981 17.9913 5
    endloop
  endfacet
  facet normal -0.941095 0.338142 0
    outer loop
      vertex 21.7981 17.9913 30
      vertex 21.7815 17.9451 5
      vertex 21.7815 17.9451 30
    endloop
  endfacet
  facet normal -0.998803 0.0489209 0
    outer loop
      vertex 21.76 17.8 5
      vertex 21.7624 17.849 30
      vertex 21.7624 17.849 5
    endloop
  endfacet
  facet normal -0.998803 0.0489209 0
    outer loop
      vertex 21.7624 17.849 30
      vertex 21.76 17.8 5
      vertex 21.76 17.8 30
    endloop
  endfacet
  facet normal -0.70087 0.519929 -0.488319
    outer loop
      vertex -29.692 15.1376 0
      vertex -31.1259 16.0223 3
      vertex -30.892 16.3376 3
    endloop
  endfacet
  facet normal -0.70087 0.519929 -0.488319
    outer loop
      vertex -31.1259 16.0223 3
      vertex -29.692 15.1376 0
      vertex -29.9259 14.8223 0
    endloop
  endfacet
  facet normal 0 1 -0
    outer loop
      vertex -0.499999 17.8 5
      vertex -21.76 17.8 30
      vertex -0.499999 17.8 30
    endloop
  endfacet
  facet normal 0 1 0
    outer loop
      vertex -21.76 17.8 30
      vertex -0.499999 17.8 5
      vertex -21.76 17.8 5
    endloop
  endfacet
  facet normal 0 1 -0
    outer loop
      vertex 21.76 17.8 5
      vertex 0.499999 17.8 30
      vertex 21.76 17.8 30
    endloop
  endfacet
  facet normal 0 1 0
    outer loop
      vertex 0.499999 17.8 30
      vertex 21.76 17.8 5
      vertex 0.499999 17.8 5
    endloop
  endfacet
  facet normal 0 1 0
    outer loop
      vertex 21.76 17.8 30
      vertex 27.8 17.8 35
      vertex 22.76 17.8 30
    endloop
  endfacet
  facet normal 0 1 -0
    outer loop
      vertex 27.8 17.8 3
      vertex 22.76 17.8 30
      vertex 27.8 17.8 35
    endloop
  endfacet
  facet normal 0 1 0
    outer loop
      vertex 27.8 17.8 3
      vertex 21.76 17.8 5
      vertex 22.76 17.8 5
    endloop
  endfacet
  facet normal 0 1 0
    outer loop
      vertex 21.76 17.8 5
      vertex 27.8 17.8 3
      vertex 0.499999 17.8 5
    endloop
  endfacet
  facet normal 0 1 0
    outer loop
      vertex 0.499999 17.8 5
      vertex 27.8 17.8 3
      vertex -0.499999 17.8 5
    endloop
  endfacet
  facet normal 0 1 0
    outer loop
      vertex -27.8 17.8 3
      vertex -0.499999 17.8 5
      vertex 27.8 17.8 3
    endloop
  endfacet
  facet normal 0 1 0
    outer loop
      vertex -0.499999 17.8 5
      vertex -27.8 17.8 3
      vertex -21.76 17.8 5
    endloop
  endfacet
  facet normal 0 1 0
    outer loop
      vertex 22.76 17.8 30
      vertex 27.8 17.8 3
      vertex 22.76 17.8 5
    endloop
  endfacet
  facet normal 0 1 0
    outer loop
      vertex 0.499999 17.8 30
      vertex 27.8 17.8 35
      vertex 21.76 17.8 30
    endloop
  endfacet
  facet normal 0 1 0
    outer loop
      vertex 27.8 17.8 35
      vertex 0.499999 17.8 30
      vertex -27.8 17.8 35
    endloop
  endfacet
  facet normal 0 1 -0
    outer loop
      vertex -0.499999 17.8 30
      vertex -27.8 17.8 35
      vertex 0.499999 17.8 30
    endloop
  endfacet
  facet normal 0 1 -0
    outer loop
      vertex -21.76 17.8 30
      vertex -27.8 17.8 35
      vertex -0.499999 17.8 30
    endloop
  endfacet
  facet normal 0 1 -0
    outer loop
      vertex -22.76 17.8 30
      vertex -27.8 17.8 35
      vertex -21.76 17.8 30
    endloop
  endfacet
  facet normal 0 1 0
    outer loop
      vertex -27.8 17.8 3
      vertex -22.76 17.8 30
      vertex -22.76 17.8 5
    endloop
  endfacet
  facet normal 0 1 0
    outer loop
      vertex -22.76 17.8 30
      vertex -27.8 17.8 3
      vertex -27.8 17.8 35
    endloop
  endfacet
  facet normal 0 1 0
    outer loop
      vertex -21.76 17.8 5
      vertex -27.8 17.8 3
      vertex -22.76 17.8 5
    endloop
  endfacet
  facet normal 0.45069 0.751969 -0.481063
    outer loop
      vertex 28.8223 15.9259 0
      vertex 29.6856 17.3277 3
      vertex 30.0223 17.1259 3
    endloop
  endfacet
  facet normal 0.45069 0.751969 -0.481063
    outer loop
      vertex 29.6856 17.3277 3
      vertex 28.8223 15.9259 0
      vertex 28.4856 16.1277 0
    endloop
  endfacet
  facet normal -0.970007 -0.243075 0
    outer loop
      vertex -31.6277 -14.9611 3
      vertex -31.7231 -14.5804 35
      vertex -31.7231 -14.5804 3
    endloop
  endfacet
  facet normal -0.970007 -0.243075 0
    outer loop
      vertex -31.7231 -14.5804 35
      vertex -31.6277 -14.9611 3
      vertex -31.6277 -14.9611 35
    endloop
  endfacet
  facet normal -0.595794 0.803137 0
    outer loop
      vertex -30.0223 17.1259 3
      vertex -30.3376 16.892 35
      vertex -30.0223 17.1259 35
    endloop
  endfacet
  facet normal -0.595794 0.803137 0
    outer loop
      vertex -30.3376 16.892 35
      vertex -30.0223 17.1259 3
      vertex -30.3376 16.892 3
    endloop
  endfacet
  facet normal -0.921136 0.0453403 -0.386591
    outer loop
      vertex -30.5807 12.9921 0
      vertex -31.8 13.8 3
      vertex -31.7807 14.1921 3
    endloop
  endfacet
  facet normal -0.921136 0.0453403 -0.386591
    outer loop
      vertex -31.8 13.8 3
      vertex -30.5807 12.9921 0
      vertex -30.6 12.6 0
    endloop
  endfacet
  facet normal -0.85774 0.514084 0
    outer loop
      vertex -31.3277 15.6856 3
      vertex -31.1259 16.0223 35
      vertex -31.1259 16.0223 3
    endloop
  endfacet
  facet normal -0.85774 0.514084 0
    outer loop
      vertex -31.1259 16.0223 35
      vertex -31.3277 15.6856 3
      vertex -31.3277 15.6856 35
    endloop
  endfacet
  facet normal 0.13359 -0.900574 -0.413666
    outer loop
      vertex 27.3804 -16.5231 0
      vertex 28.1921 -17.7807 3
      vertex 26.9921 -16.5807 0
    endloop
  endfacet
  facet normal 0.13359 -0.900574 -0.413666
    outer loop
      vertex 28.1921 -17.7807 3
      vertex 27.3804 -16.5231 0
      vertex 28.5804 -17.7231 3
    endloop
  endfacet
  facet normal 0 -0.928477 -0.371391
    outer loop
      vertex -26.6 -16.6 0
      vertex 27.8 -17.8 3
      vertex -27.8 -17.8 3
    endloop
  endfacet
  facet normal 0 -0.928477 -0.371391
    outer loop
      vertex 27.8 -17.8 3
      vertex -26.6 -16.6 0
      vertex 26.6 -16.6 0
    endloop
  endfacet
  facet normal 0.336788 0.94158 -0
    outer loop
      vertex 29.3307 17.4955 3
      vertex 28.9611 17.6277 35
      vertex 29.3307 17.4955 35
    endloop
  endfacet
  facet normal 0.336788 0.94158 0
    outer loop
      vertex 28.9611 17.6277 35
      vertex 29.3307 17.4955 3
      vertex 28.9611 17.6277 3
    endloop
  endfacet
  facet normal -0.0491626 -0.998791 0
    outer loop
      vertex -28.1921 -17.7807 3
      vertex -27.8 -17.8 35
      vertex -28.1921 -17.7807 35
    endloop
  endfacet
  facet normal -0.0491626 -0.998791 -0
    outer loop
      vertex -27.8 -17.8 35
      vertex -28.1921 -17.7807 3
      vertex -27.8 -17.8 3
    endloop
  endfacet
  facet normal 0.42744 0.904044 -0
    outer loop
      vertex 29.6856 17.3277 3
      vertex 29.3307 17.4955 35
      vertex 29.6856 17.3277 35
    endloop
  endfacet
  facet normal 0.42744 0.904044 0
    outer loop
      vertex 29.3307 17.4955 35
      vertex 29.6856 17.3277 3
      vertex 29.3307 17.4955 3
    endloop
  endfacet
  facet normal 0.94158 -0.336788 0
    outer loop
      vertex 31.4955 -15.3307 35
      vertex 31.6277 -14.9611 3
      vertex 31.6277 -14.9611 35
    endloop
  endfacet
  facet normal 0.94158 -0.336788 0
    outer loop
      vertex 31.6277 -14.9611 3
      vertex 31.4955 -15.3307 35
      vertex 31.4955 -15.3307 3
    endloop
  endfacet
  facet normal 0.42744 -0.904044 0
    outer loop
      vertex 29.3307 -17.4955 3
      vertex 29.6856 -17.3277 35
      vertex 29.3307 -17.4955 35
    endloop
  endfacet
  facet normal 0.42744 -0.904044 0
    outer loop
      vertex 29.6856 -17.3277 35
      vertex 29.3307 -17.4955 3
      vertex 29.6856 -17.3277 3
    endloop
  endfacet
  facet normal 0.243075 0.970007 -0
    outer loop
      vertex 28.9611 17.6277 3
      vertex 28.5804 17.7231 35
      vertex 28.9611 17.6277 35
    endloop
  endfacet
  facet normal 0.243075 0.970007 0
    outer loop
      vertex 28.5804 17.7231 35
      vertex 28.9611 17.6277 3
      vertex 28.5804 17.7231 3
    endloop
  endfacet
  facet normal -0.900574 -0.13359 -0.413666
    outer loop
      vertex -30.5231 -13.3804 0
      vertex -31.7807 -14.1921 3
      vertex -30.5807 -12.9921 0
    endloop
  endfacet
  facet normal -0.900574 -0.13359 -0.413666
    outer loop
      vertex -31.7807 -14.1921 3
      vertex -30.5231 -13.3804 0
      vertex -31.7231 -14.5804 3
    endloop
  endfacet
  facet normal -0.872695 0.218689 -0.436554
    outer loop
      vertex -30.4277 13.7611 0
      vertex -31.7231 14.5804 3
      vertex -31.6277 14.9611 3
    endloop
  endfacet
  facet normal -0.872695 0.218689 -0.436554
    outer loop
      vertex -31.7231 14.5804 3
      vertex -30.4277 13.7611 0
      vertex -30.5231 13.3804 0
    endloop
  endfacet
  facet normal -0.146733 -0.989176 0
    outer loop
      vertex -28.5804 -17.7231 3
      vertex -28.1921 -17.7807 35
      vertex -28.5804 -17.7231 35
    endloop
  endfacet
  facet normal -0.146733 -0.989176 -0
    outer loop
      vertex -28.1921 -17.7807 35
      vertex -28.5804 -17.7231 3
      vertex -28.1921 -17.7807 3
    endloop
  endfacet
  facet normal 0.0491626 0.998791 -0
    outer loop
      vertex 28.1921 17.7807 3
      vertex 27.8 17.8 35
      vertex 28.1921 17.7807 35
    endloop
  endfacet
  facet normal 0.0491626 0.998791 0
    outer loop
      vertex 27.8 17.8 35
      vertex 28.1921 17.7807 3
      vertex 27.8 17.8 3
    endloop
  endfacet
  facet normal 0.514084 -0.85774 0
    outer loop
      vertex 29.6856 -17.3277 3
      vertex 30.0223 -17.1259 35
      vertex 29.6856 -17.3277 35
    endloop
  endfacet
  facet normal 0.514084 -0.85774 0
    outer loop
      vertex 30.0223 -17.1259 35
      vertex 29.6856 -17.3277 3
      vertex 30.0223 -17.1259 3
    endloop
  endfacet
  facet normal -0.336788 -0.94158 0
    outer loop
      vertex -29.3307 -17.4955 3
      vertex -28.9611 -17.6277 35
      vertex -29.3307 -17.4955 35
    endloop
  endfacet
  facet normal -0.336788 -0.94158 -0
    outer loop
      vertex -28.9611 -17.6277 35
      vertex -29.3307 -17.4955 3
      vertex -28.9611 -17.6277 3
    endloop
  endfacet
  facet normal 0.243075 -0.970007 0
    outer loop
      vertex 28.5804 -17.7231 3
      vertex 28.9611 -17.6277 35
      vertex 28.5804 -17.7231 35
    endloop
  endfacet
  facet normal 0.243075 -0.970007 0
    outer loop
      vertex 28.9611 -17.6277 35
      vertex 28.5804 -17.7231 3
      vertex 28.9611 -17.6277 3
    endloop
  endfacet
  facet normal -0.0453403 0.921136 -0.386591
    outer loop
      vertex -26.9921 16.5807 0
      vertex -27.8 17.8 3
      vertex -26.6 16.6 0
    endloop
  endfacet
  facet normal -0.0453403 0.921136 -0.386591
    outer loop
      vertex -27.8 17.8 3
      vertex -26.9921 16.5807 0
      vertex -28.1921 17.7807 3
    endloop
  endfacet
  facet normal 0.989176 0.146733 0
    outer loop
      vertex 31.7807 14.1921 35
      vertex 31.7231 14.5804 3
      vertex 31.7231 14.5804 35
    endloop
  endfacet
  facet normal 0.989176 0.146733 0
    outer loop
      vertex 31.7231 14.5804 3
      vertex 31.7807 14.1921 35
      vertex 31.7807 14.1921 3
    endloop
  endfacet
  facet normal -0.970007 0.243075 0
    outer loop
      vertex -31.7231 14.5804 3
      vertex -31.6277 14.9611 35
      vertex -31.6277 14.9611 3
    endloop
  endfacet
  facet normal -0.970007 0.243075 0
    outer loop
      vertex -31.6277 14.9611 35
      vertex -31.7231 14.5804 3
      vertex -31.7231 14.5804 35
    endloop
  endfacet
  facet normal 0.514084 0.85774 -0
    outer loop
      vertex 30.0223 17.1259 3
      vertex 29.6856 17.3277 35
      vertex 30.0223 17.1259 35
    endloop
  endfacet
  facet normal 0.514084 0.85774 0
    outer loop
      vertex 29.6856 17.3277 35
      vertex 30.0223 17.1259 3
      vertex 29.6856 17.3277 3
    endloop
  endfacet
  facet normal -0.519929 0.70087 -0.488319
    outer loop
      vertex -29.1376 15.692 0
      vertex -30.0223 17.1259 3
      vertex -28.8223 15.9259 0
    endloop
  endfacet
  facet normal -0.519929 0.70087 -0.488319
    outer loop
      vertex -30.0223 17.1259 3
      vertex -29.1376 15.692 0
      vertex -30.3376 16.892 3
    endloop
  endfacet
  facet normal 0.146733 0.989176 -0
    outer loop
      vertex 28.5804 17.7231 3
      vertex 28.1921 17.7807 35
      vertex 28.5804 17.7231 35
    endloop
  endfacet
  facet normal 0.146733 0.989176 0
    outer loop
      vertex 28.1921 17.7807 35
      vertex 28.5804 17.7231 3
      vertex 28.1921 17.7807 3
    endloop
  endfacet
  facet normal 0.838336 -0.299859 -0.455278
    outer loop
      vertex 31.6277 -14.9611 3
      vertex 30.2955 -14.1307 0
      vertex 30.4277 -13.7611 0
    endloop
  endfacet
  facet normal 0.838336 -0.299859 -0.455278
    outer loop
      vertex 30.2955 -14.1307 0
      vertex 31.6277 -14.9611 3
      vertex 31.4955 -15.3307 3
    endloop
  endfacet
  facet normal 0.0453403 0.921136 -0.386591
    outer loop
      vertex 26.9921 16.5807 0
      vertex 27.8 17.8 3
      vertex 28.1921 17.7807 3
    endloop
  endfacet
  facet normal 0.0453403 0.921136 -0.386591
    outer loop
      vertex 27.8 17.8 3
      vertex 26.9921 16.5807 0
      vertex 26.6 16.6 0
    endloop
  endfacet
  facet normal 0 0.928477 -0.371391
    outer loop
      vertex 26.6 16.6 0
      vertex -27.8 17.8 3
      vertex 27.8 17.8 3
    endloop
  endfacet
  facet normal 0 0.928477 -0.371391
    outer loop
      vertex -27.8 17.8 3
      vertex 26.6 16.6 0
      vertex -26.6 16.6 0
    endloop
  endfacet
  facet normal -0.998791 0.0491626 0
    outer loop
      vertex -31.8 13.8 3
      vertex -31.7807 14.1921 35
      vertex -31.7807 14.1921 3
    endloop
  endfacet
  facet normal -0.998791 0.0491626 0
    outer loop
      vertex -31.7807 14.1921 35
      vertex -31.8 13.8 3
      vertex -31.8 13.8 35
    endloop
  endfacet
  facet normal -0.671607 0.740908 0
    outer loop
      vertex -30.3376 16.892 3
      vertex -30.6284 16.6284 35
      vertex -30.3376 16.892 35
    endloop
  endfacet
  facet normal -0.671607 0.740908 0
    outer loop
      vertex -30.6284 16.6284 35
      vertex -30.3376 16.892 3
      vertex -30.6284 16.6284 3
    endloop
  endfacet
  facet normal -0.377269 0.797931 -0.47008
    outer loop
      vertex -28.4856 16.1277 0
      vertex -29.3307 17.4955 3
      vertex -28.1307 16.2955 0
    endloop
  endfacet
  facet normal -0.377269 0.797931 -0.47008
    outer loop
      vertex -29.3307 17.4955 3
      vertex -28.4856 16.1277 0
      vertex -29.6856 17.3277 3
    endloop
  endfacet
  facet normal -0.0491626 0.998791 0
    outer loop
      vertex -27.8 17.8 3
      vertex -28.1921 17.7807 35
      vertex -27.8 17.8 35
    endloop
  endfacet
  facet normal -0.0491626 0.998791 0
    outer loop
      vertex -28.1921 17.7807 35
      vertex -27.8 17.8 3
      vertex -28.1921 17.7807 3
    endloop
  endfacet
  facet normal 0.377269 -0.797931 -0.47008
    outer loop
      vertex 28.4856 -16.1277 0
      vertex 29.3307 -17.4955 3
      vertex 28.1307 -16.2955 0
    endloop
  endfacet
  facet normal 0.377269 -0.797931 -0.47008
    outer loop
      vertex 29.3307 -17.4955 3
      vertex 28.4856 -16.1277 0
      vertex 29.6856 -17.3277 3
    endloop
  endfacet
  facet normal -0.13359 -0.900574 -0.413666
    outer loop
      vertex -27.3804 -16.5231 0
      vertex -28.1921 -17.7807 3
      vertex -28.5804 -17.7231 3
    endloop
  endfacet
  facet normal -0.13359 -0.900574 -0.413666
    outer loop
      vertex -28.1921 -17.7807 3
      vertex -27.3804 -16.5231 0
      vertex -26.9921 -16.5807 0
    endloop
  endfacet
  facet normal -0.94158 -0.336788 0
    outer loop
      vertex -31.4955 -15.3307 3
      vertex -31.6277 -14.9611 35
      vertex -31.6277 -14.9611 3
    endloop
  endfacet
  facet normal -0.94158 -0.336788 0
    outer loop
      vertex -31.6277 -14.9611 35
      vertex -31.4955 -15.3307 3
      vertex -31.4955 -15.3307 35
    endloop
  endfacet
  facet normal -0.928477 0 -0.371391
    outer loop
      vertex -30.6 -12.6 0
      vertex -31.8 13.8 3
      vertex -30.6 12.6 0
    endloop
  endfacet
  facet normal -0.928477 -0 -0.371391
    outer loop
      vertex -31.8 13.8 3
      vertex -30.6 -12.6 0
      vertex -31.8 -13.8 3
    endloop
  endfacet
  facet normal -0.0453403 -0.921136 -0.386591
    outer loop
      vertex -26.9921 -16.5807 0
      vertex -27.8 -17.8 3
      vertex -28.1921 -17.7807 3
    endloop
  endfacet
  facet normal -0.0453403 -0.921136 -0.386591
    outer loop
      vertex -27.8 -17.8 3
      vertex -26.9921 -16.5807 0
      vertex -26.6 -16.6 0
    endloop
  endfacet
  facet normal 0.928477 0 -0.371391
    outer loop
      vertex 31.8 13.8 3
      vertex 30.6 -12.6 0
      vertex 30.6 12.6 0
    endloop
  endfacet
  facet normal 0.928477 0 -0.371391
    outer loop
      vertex 30.6 -12.6 0
      vertex 31.8 13.8 3
      vertex 31.8 -13.8 3
    endloop
  endfacet
  facet normal 0.70087 -0.519929 -0.488319
    outer loop
      vertex 31.1259 -16.0223 3
      vertex 29.692 -15.1376 0
      vertex 29.9259 -14.8223 0
    endloop
  endfacet
  facet normal 0.70087 -0.519929 -0.488319
    outer loop
      vertex 29.692 -15.1376 0
      vertex 31.1259 -16.0223 3
      vertex 30.892 -16.3376 3
    endloop
  endfacet
  facet normal 0.671607 0.740908 -0
    outer loop
      vertex 30.6284 16.6284 3
      vertex 30.3376 16.892 35
      vertex 30.6284 16.6284 35
    endloop
  endfacet
  facet normal 0.671607 0.740908 0
    outer loop
      vertex 30.3376 16.892 35
      vertex 30.6284 16.6284 3
      vertex 30.3376 16.892 3
    endloop
  endfacet
  facet normal 0.0453403 -0.921136 -0.386591
    outer loop
      vertex 26.9921 -16.5807 0
      vertex 27.8 -17.8 3
      vertex 26.6 -16.6 0
    endloop
  endfacet
  facet normal 0.0453403 -0.921136 -0.386591
    outer loop
      vertex 27.8 -17.8 3
      vertex 26.9921 -16.5807 0
      vertex 28.1921 -17.7807 3
    endloop
  endfacet
  facet normal -0.514084 -0.85774 0
    outer loop
      vertex -30.0223 -17.1259 3
      vertex -29.6856 -17.3277 35
      vertex -30.0223 -17.1259 35
    endloop
  endfacet
  facet normal -0.514084 -0.85774 -0
    outer loop
      vertex -29.6856 -17.3277 35
      vertex -30.0223 -17.1259 3
      vertex -29.6856 -17.3277 3
    endloop
  endfacet
  facet normal -0.900574 0.13359 -0.413666
    outer loop
      vertex -30.5231 13.3804 0
      vertex -31.7807 14.1921 3
      vertex -31.7231 14.5804 3
    endloop
  endfacet
  facet normal -0.900574 0.13359 -0.413666
    outer loop
      vertex -31.7807 14.1921 3
      vertex -30.5231 13.3804 0
      vertex -30.5807 12.9921 0
    endloop
  endfacet
  facet normal 0.921136 0.0453403 -0.386591
    outer loop
      vertex 31.8 13.8 3
      vertex 30.5807 12.9921 0
      vertex 31.7807 14.1921 3
    endloop
  endfacet
  facet normal 0.921136 0.0453403 -0.386591
    outer loop
      vertex 30.5807 12.9921 0
      vertex 31.8 13.8 3
      vertex 30.6 12.6 0
    endloop
  endfacet
  facet normal -0.146733 0.989176 0
    outer loop
      vertex -28.1921 17.7807 3
      vertex -28.5804 17.7231 35
      vertex -28.1921 17.7807 35
    endloop
  endfacet
  facet normal -0.146733 0.989176 0
    outer loop
      vertex -28.5804 17.7231 35
      vertex -28.1921 17.7807 3
      vertex -28.5804 17.7231 3
    endloop
  endfacet
  facet normal -0.838336 -0.299859 -0.455278
    outer loop
      vertex -30.2955 -14.1307 0
      vertex -31.6277 -14.9611 3
      vertex -30.4277 -13.7611 0
    endloop
  endfacet
  facet normal -0.838336 -0.299859 -0.455278
    outer loop
      vertex -31.6277 -14.9611 3
      vertex -30.2955 -14.1307 0
      vertex -31.4955 -15.3307 3
    endloop
  endfacet
  facet normal -0.921136 -0.0453403 -0.386591
    outer loop
      vertex -30.5807 -12.9921 0
      vertex -31.8 -13.8 3
      vertex -30.6 -12.6 0
    endloop
  endfacet
  facet normal -0.921136 -0.0453403 -0.386591
    outer loop
      vertex -31.8 -13.8 3
      vertex -30.5807 -12.9921 0
      vertex -31.7807 -14.1921 3
    endloop
  endfacet
  facet normal -0.377269 -0.797931 -0.47008
    outer loop
      vertex -28.4856 -16.1277 0
      vertex -29.3307 -17.4955 3
      vertex -29.6856 -17.3277 3
    endloop
  endfacet
  facet normal -0.377269 -0.797931 -0.47008
    outer loop
      vertex -29.3307 -17.4955 3
      vertex -28.4856 -16.1277 0
      vertex -28.1307 -16.2955 0
    endloop
  endfacet
  facet normal -0.751969 -0.45069 -0.481063
    outer loop
      vertex -29.9259 -14.8223 0
      vertex -31.3277 -15.6856 3
      vertex -30.1277 -14.4856 0
    endloop
  endfacet
  facet normal -0.751969 -0.45069 -0.481063
    outer loop
      vertex -31.3277 -15.6856 3
      vertex -29.9259 -14.8223 0
      vertex -31.1259 -16.0223 3
    endloop
  endfacet
  facet normal -0.904044 -0.42744 0
    outer loop
      vertex -31.3277 -15.6856 3
      vertex -31.4955 -15.3307 35
      vertex -31.4955 -15.3307 3
    endloop
  endfacet
  facet normal -0.904044 -0.42744 0
    outer loop
      vertex -31.4955 -15.3307 35
      vertex -31.3277 -15.6856 3
      vertex -31.3277 -15.6856 35
    endloop
  endfacet
  facet normal 0.797931 0.377269 -0.47008
    outer loop
      vertex 31.4955 15.3307 3
      vertex 30.1277 14.4856 0
      vertex 31.3277 15.6856 3
    endloop
  endfacet
  facet normal 0.797931 0.377269 -0.47008
    outer loop
      vertex 30.1277 14.4856 0
      vertex 31.4955 15.3307 3
      vertex 30.2955 14.1307 0
    endloop
  endfacet
  facet normal -0.42744 -0.904044 0
    outer loop
      vertex -29.6856 -17.3277 3
      vertex -29.3307 -17.4955 35
      vertex -29.6856 -17.3277 35
    endloop
  endfacet
  facet normal -0.42744 -0.904044 -0
    outer loop
      vertex -29.3307 -17.4955 35
      vertex -29.6856 -17.3277 3
      vertex -29.3307 -17.4955 3
    endloop
  endfacet
  facet normal 0.595794 0.803137 -0
    outer loop
      vertex 30.3376 16.892 3
      vertex 30.0223 17.1259 35
      vertex 30.3376 16.892 35
    endloop
  endfacet
  facet normal 0.595794 0.803137 0
    outer loop
      vertex 30.0223 17.1259 35
      vertex 30.3376 16.892 3
      vertex 30.0223 17.1259 3
    endloop
  endfacet
  facet normal -0.797931 0.377269 -0.47008
    outer loop
      vertex -30.1277 14.4856 0
      vertex -31.4955 15.3307 3
      vertex -31.3277 15.6856 3
    endloop
  endfacet
  facet normal -0.797931 0.377269 -0.47008
    outer loop
      vertex -31.4955 15.3307 3
      vertex -30.1277 14.4856 0
      vertex -30.2955 14.1307 0
    endloop
  endfacet
  facet normal 0.94158 0.336788 0
    outer loop
      vertex 31.6277 14.9611 35
      vertex 31.4955 15.3307 3
      vertex 31.4955 15.3307 35
    endloop
  endfacet
  facet normal 0.94158 0.336788 0
    outer loop
      vertex 31.4955 15.3307 3
      vertex 31.6277 14.9611 35
      vertex 31.6277 14.9611 3
    endloop
  endfacet
  facet normal 0.519929 0.70087 -0.488319
    outer loop
      vertex 29.1376 15.692 0
      vertex 30.0223 17.1259 3
      vertex 30.3376 16.892 3
    endloop
  endfacet
  facet normal 0.519929 0.70087 -0.488319
    outer loop
      vertex 30.0223 17.1259 3
      vertex 29.1376 15.692 0
      vertex 28.8223 15.9259 0
    endloop
  endfacet
  facet normal 0.998791 0.0491626 0
    outer loop
      vertex 31.8 13.8 35
      vertex 31.7807 14.1921 3
      vertex 31.7807 14.1921 35
    endloop
  endfacet
  facet normal 0.998791 0.0491626 0
    outer loop
      vertex 31.7807 14.1921 3
      vertex 31.8 13.8 35
      vertex 31.8 13.8 3
    endloop
  endfacet
  facet normal -0.998791 -0.0491626 0
    outer loop
      vertex -31.7807 -14.1921 3
      vertex -31.8 -13.8 35
      vertex -31.8 -13.8 3
    endloop
  endfacet
  facet normal -0.998791 -0.0491626 0
    outer loop
      vertex -31.8 -13.8 35
      vertex -31.7807 -14.1921 3
      vertex -31.7807 -14.1921 35
    endloop
  endfacet
  facet normal -0.42744 0.904044 0
    outer loop
      vertex -29.3307 17.4955 3
      vertex -29.6856 17.3277 35
      vertex -29.3307 17.4955 35
    endloop
  endfacet
  facet normal -0.42744 0.904044 0
    outer loop
      vertex -29.6856 17.3277 35
      vertex -29.3307 17.4955 3
      vertex -29.6856 17.3277 3
    endloop
  endfacet
  facet normal -0.243075 0.970007 0
    outer loop
      vertex -28.5804 17.7231 3
      vertex -28.9611 17.6277 35
      vertex -28.5804 17.7231 35
    endloop
  endfacet
  facet normal -0.243075 0.970007 0
    outer loop
      vertex -28.9611 17.6277 35
      vertex -28.5804 17.7231 3
      vertex -28.9611 17.6277 3
    endloop
  endfacet
  facet normal -0.671607 -0.740908 0
    outer loop
      vertex -30.6284 -16.6284 3
      vertex -30.3376 -16.892 35
      vertex -30.6284 -16.6284 35
    endloop
  endfacet
  facet normal -0.671607 -0.740908 -0
    outer loop
      vertex -30.3376 -16.892 35
      vertex -30.6284 -16.6284 3
      vertex -30.3376 -16.892 3
    endloop
  endfacet
  facet normal -0.299859 -0.838336 -0.455278
    outer loop
      vertex -28.1307 -16.2955 0
      vertex -28.9611 -17.6277 3
      vertex -29.3307 -17.4955 3
    endloop
  endfacet
  facet normal -0.299859 -0.838336 -0.455278
    outer loop
      vertex -28.9611 -17.6277 3
      vertex -28.1307 -16.2955 0
      vertex -27.7611 -16.4277 0
    endloop
  endfacet
  facet normal -0.218689 0.872695 -0.436554
    outer loop
      vertex -27.7611 16.4277 0
      vertex -28.5804 17.7231 3
      vertex -27.3804 16.5231 0
    endloop
  endfacet
  facet normal -0.218689 0.872695 -0.436554
    outer loop
      vertex -28.5804 17.7231 3
      vertex -27.7611 16.4277 0
      vertex -28.9611 17.6277 3
    endloop
  endfacet
  facet normal 0.872695 0.218689 -0.436554
    outer loop
      vertex 31.7231 14.5804 3
      vertex 30.4277 13.7611 0
      vertex 31.6277 14.9611 3
    endloop
  endfacet
  facet normal 0.872695 0.218689 -0.436554
    outer loop
      vertex 30.4277 13.7611 0
      vertex 31.7231 14.5804 3
      vertex 30.5231 13.3804 0
    endloop
  endfacet
  facet normal -1 0 0
    outer loop
      vertex -31.8 -13.8 3
      vertex -31.8 13.8 35
      vertex -31.8 13.8 3
    endloop
  endfacet
  facet normal -1 -0 0
    outer loop
      vertex -31.8 13.8 35
      vertex -31.8 -13.8 3
      vertex -31.8 -13.8 35
    endloop
  endfacet
  facet normal 0.584729 0.645065 -0.491918
    outer loop
      vertex 29.4284 15.4284 0
      vertex 30.3376 16.892 3
      vertex 30.6284 16.6284 3
    endloop
  endfacet
  facet normal 0.584729 0.645065 -0.491918
    outer loop
      vertex 30.3376 16.892 3
      vertex 29.4284 15.4284 0
      vertex 29.1376 15.692 0
    endloop
  endfacet
  facet normal 0.921136 -0.0453403 -0.386591
    outer loop
      vertex 31.8 -13.8 3
      vertex 30.5807 -12.9921 0
      vertex 30.6 -12.6 0
    endloop
  endfacet
  facet normal 0.921136 -0.0453403 -0.386591
    outer loop
      vertex 30.5807 -12.9921 0
      vertex 31.8 -13.8 3
      vertex 31.7807 -14.1921 3
    endloop
  endfacet
  facet normal 1 -0 0
    outer loop
      vertex 31.8 -13.8 35
      vertex 31.8 13.8 3
      vertex 31.8 13.8 35
    endloop
  endfacet
  facet normal 1 0 0
    outer loop
      vertex 31.8 13.8 3
      vertex 31.8 -13.8 35
      vertex 31.8 -13.8 3
    endloop
  endfacet
  facet normal 0.336788 -0.94158 0
    outer loop
      vertex 28.9611 -17.6277 3
      vertex 29.3307 -17.4955 35
      vertex 28.9611 -17.6277 35
    endloop
  endfacet
  facet normal 0.336788 -0.94158 0
    outer loop
      vertex 29.3307 -17.4955 35
      vertex 28.9611 -17.6277 3
      vertex 29.3307 -17.4955 3
    endloop
  endfacet
  facet normal -0.70087 -0.519929 -0.488319
    outer loop
      vertex -29.692 -15.1376 0
      vertex -31.1259 -16.0223 3
      vertex -29.9259 -14.8223 0
    endloop
  endfacet
  facet normal -0.70087 -0.519929 -0.488319
    outer loop
      vertex -31.1259 -16.0223 3
      vertex -29.692 -15.1376 0
      vertex -30.892 -16.3376 3
    endloop
  endfacet
  facet normal 0.70087 0.519929 -0.488319
    outer loop
      vertex 31.1259 16.0223 3
      vertex 29.692 15.1376 0
      vertex 30.892 16.3376 3
    endloop
  endfacet
  facet normal 0.70087 0.519929 -0.488319
    outer loop
      vertex 29.692 15.1376 0
      vertex 31.1259 16.0223 3
      vertex 29.9259 14.8223 0
    endloop
  endfacet
  facet normal -0.797931 -0.377269 -0.47008
    outer loop
      vertex -30.1277 -14.4856 0
      vertex -31.4955 -15.3307 3
      vertex -30.2955 -14.1307 0
    endloop
  endfacet
  facet normal -0.797931 -0.377269 -0.47008
    outer loop
      vertex -31.4955 -15.3307 3
      vertex -30.1277 -14.4856 0
      vertex -31.3277 -15.6856 3
    endloop
  endfacet
  facet normal -0.218689 -0.872695 -0.436554
    outer loop
      vertex -27.7611 -16.4277 0
      vertex -28.5804 -17.7231 3
      vertex -28.9611 -17.6277 3
    endloop
  endfacet
  facet normal -0.218689 -0.872695 -0.436554
    outer loop
      vertex -28.5804 -17.7231 3
      vertex -27.7611 -16.4277 0
      vertex -27.3804 -16.5231 0
    endloop
  endfacet
  facet normal 0 -1 0
    outer loop
      vertex 0.499999 -17.8 5
      vertex 21.76 -17.8 30
      vertex 0.499999 -17.8 30
    endloop
  endfacet
  facet normal 0 -1 -0
    outer loop
      vertex 21.76 -17.8 30
      vertex 0.499999 -17.8 5
      vertex 21.76 -17.8 5
    endloop
  endfacet
  facet normal 0 -1 0
    outer loop
      vertex -21.76 -17.8 5
      vertex -0.499999 -17.8 30
      vertex -21.76 -17.8 30
    endloop
  endfacet
  facet normal 0 -1 -0
    outer loop
      vertex -0.499999 -17.8 30
      vertex -21.76 -17.8 5
      vertex -0.499999 -17.8 5
    endloop
  endfacet
  facet normal 0 -1 0
    outer loop
      vertex -21.76 -17.8 30
      vertex -27.8 -17.8 35
      vertex -22.76 -17.8 30
    endloop
  endfacet
  facet normal 0 -1 0
    outer loop
      vertex -27.8 -17.8 3
      vertex -22.76 -17.8 30
      vertex -27.8 -17.8 35
    endloop
  endfacet
  facet normal 0 -1 0
    outer loop
      vertex -27.8 -17.8 3
      vertex -21.76 -17.8 5
      vertex -22.76 -17.8 5
    endloop
  endfacet
  facet normal 0 -1 -0
    outer loop
      vertex -21.76 -17.8 5
      vertex -27.8 -17.8 3
      vertex -0.499999 -17.8 5
    endloop
  endfacet
  facet normal 0 -1 -0
    outer loop
      vertex -0.499999 -17.8 5
      vertex -27.8 -17.8 3
      vertex 0.499999 -17.8 5
    endloop
  endfacet
  facet normal 0 -1 0
    outer loop
      vertex 27.8 -17.8 3
      vertex 0.499999 -17.8 5
      vertex -27.8 -17.8 3
    endloop
  endfacet
  facet normal 0 -1 0
    outer loop
      vertex 0.499999 -17.8 5
      vertex 27.8 -17.8 3
      vertex 21.76 -17.8 5
    endloop
  endfacet
  facet normal 0 -1 -0
    outer loop
      vertex -22.76 -17.8 30
      vertex -27.8 -17.8 3
      vertex -22.76 -17.8 5
    endloop
  endfacet
  facet normal 0 -1 0
    outer loop
      vertex -0.499999 -17.8 30
      vertex -27.8 -17.8 35
      vertex -21.76 -17.8 30
    endloop
  endfacet
  facet normal 0 -1 0
    outer loop
      vertex -27.8 -17.8 35
      vertex -0.499999 -17.8 30
      vertex 27.8 -17.8 35
    endloop
  endfacet
  facet normal 0 -1 0
    outer loop
      vertex 0.499999 -17.8 30
      vertex 27.8 -17.8 35
      vertex -0.499999 -17.8 30
    endloop
  endfacet
  facet normal 0 -1 0
    outer loop
      vertex 21.76 -17.8 30
      vertex 27.8 -17.8 35
      vertex 0.499999 -17.8 30
    endloop
  endfacet
  facet normal 0 -1 0
    outer loop
      vertex 22.76 -17.8 30
      vertex 27.8 -17.8 35
      vertex 21.76 -17.8 30
    endloop
  endfacet
  facet normal 0 -1 0
    outer loop
      vertex 27.8 -17.8 3
      vertex 22.76 -17.8 30
      vertex 22.76 -17.8 5
    endloop
  endfacet
  facet normal 0 -1 0
    outer loop
      vertex 22.76 -17.8 30
      vertex 27.8 -17.8 3
      vertex 27.8 -17.8 35
    endloop
  endfacet
  facet normal 0 -1 0
    outer loop
      vertex 21.76 -17.8 5
      vertex 27.8 -17.8 3
      vertex 22.76 -17.8 5
    endloop
  endfacet
  facet normal -0.803137 -0.595794 0
    outer loop
      vertex -30.892 -16.3376 3
      vertex -31.1259 -16.0223 35
      vertex -31.1259 -16.0223 3
    endloop
  endfacet
  facet normal -0.803137 -0.595794 0
    outer loop
      vertex -31.1259 -16.0223 35
      vertex -30.892 -16.3376 3
      vertex -30.892 -16.3376 35
    endloop
  endfacet
  facet normal -0.85774 -0.514084 0
    outer loop
      vertex -31.1259 -16.0223 3
      vertex -31.3277 -15.6856 35
      vertex -31.3277 -15.6856 3
    endloop
  endfacet
  facet normal -0.85774 -0.514084 0
    outer loop
      vertex -31.3277 -15.6856 35
      vertex -31.1259 -16.0223 3
      vertex -31.1259 -16.0223 35
    endloop
  endfacet
  facet normal -0.299859 0.838336 -0.455278
    outer loop
      vertex -28.1307 16.2955 0
      vertex -28.9611 17.6277 3
      vertex -27.7611 16.4277 0
    endloop
  endfacet
  facet normal -0.299859 0.838336 -0.455278
    outer loop
      vertex -28.9611 17.6277 3
      vertex -28.1307 16.2955 0
      vertex -29.3307 17.4955 3
    endloop
  endfacet
  facet normal -0.13359 0.900574 -0.413666
    outer loop
      vertex -27.3804 16.5231 0
      vertex -28.1921 17.7807 3
      vertex -26.9921 16.5807 0
    endloop
  endfacet
  facet normal -0.13359 0.900574 -0.413666
    outer loop
      vertex -28.1921 17.7807 3
      vertex -27.3804 16.5231 0
      vertex -28.5804 17.7231 3
    endloop
  endfacet
  facet normal 0.740908 0.671607 0
    outer loop
      vertex 30.892 16.3376 35
      vertex 30.6284 16.6284 3
      vertex 30.6284 16.6284 35
    endloop
  endfacet
  facet normal 0.740908 0.671607 0
    outer loop
      vertex 30.6284 16.6284 3
      vertex 30.892 16.3376 35
      vertex 30.892 16.3376 3
    endloop
  endfacet
  facet normal 0.904044 0.42744 0
    outer loop
      vertex 31.4955 15.3307 35
      vertex 31.3277 15.6856 3
      vertex 31.3277 15.6856 35
    endloop
  endfacet
  facet normal 0.904044 0.42744 0
    outer loop
      vertex 31.3277 15.6856 3
      vertex 31.4955 15.3307 35
      vertex 31.4955 15.3307 3
    endloop
  endfacet
  facet normal -0.803137 0.595794 0
    outer loop
      vertex -31.1259 16.0223 3
      vertex -30.892 16.3376 35
      vertex -30.892 16.3376 3
    endloop
  endfacet
  facet normal -0.803137 0.595794 0
    outer loop
      vertex -30.892 16.3376 35
      vertex -31.1259 16.0223 3
      vertex -31.1259 16.0223 35
    endloop
  endfacet
  facet normal 0.989176 -0.146733 0
    outer loop
      vertex 31.7231 -14.5804 35
      vertex 31.7807 -14.1921 3
      vertex 31.7807 -14.1921 35
    endloop
  endfacet
  facet normal 0.989176 -0.146733 0
    outer loop
      vertex 31.7807 -14.1921 3
      vertex 31.7231 -14.5804 35
      vertex 31.7231 -14.5804 3
    endloop
  endfacet
  facet normal -0.514084 0.85774 0
    outer loop
      vertex -29.6856 17.3277 3
      vertex -30.0223 17.1259 35
      vertex -29.6856 17.3277 35
    endloop
  endfacet
  facet normal -0.514084 0.85774 0
    outer loop
      vertex -30.0223 17.1259 35
      vertex -29.6856 17.3277 3
      vertex -30.0223 17.1259 3
    endloop
  endfacet
  facet normal 0.85774 0.514084 0
    outer loop
      vertex 31.3277 15.6856 35
      vertex 31.1259 16.0223 3
      vertex 31.1259 16.0223 35
    endloop
  endfacet
  facet normal 0.85774 0.514084 0
    outer loop
      vertex 31.1259 16.0223 3
      vertex 31.3277 15.6856 35
      vertex 31.3277 15.6856 3
    endloop
  endfacet
  facet normal 0.900574 0.13359 -0.413666
    outer loop
      vertex 31.7807 14.1921 3
      vertex 30.5231 13.3804 0
      vertex 31.7231 14.5804 3
    endloop
  endfacet
  facet normal 0.900574 0.13359 -0.413666
    outer loop
      vertex 30.5231 13.3804 0
      vertex 31.7807 14.1921 3
      vertex 30.5807 12.9921 0
    endloop
  endfacet
  facet normal 0.998791 -0.0491626 0
    outer loop
      vertex 31.7807 -14.1921 35
      vertex 31.8 -13.8 3
      vertex 31.8 -13.8 35
    endloop
  endfacet
  facet normal 0.998791 -0.0491626 0
    outer loop
      vertex 31.8 -13.8 3
      vertex 31.7807 -14.1921 35
      vertex 31.7807 -14.1921 3
    endloop
  endfacet
  facet normal 0.146733 -0.989176 0
    outer loop
      vertex 28.1921 -17.7807 3
      vertex 28.5804 -17.7231 35
      vertex 28.1921 -17.7807 35
    endloop
  endfacet
  facet normal 0.146733 -0.989176 0
    outer loop
      vertex 28.5804 -17.7231 35
      vertex 28.1921 -17.7807 3
      vertex 28.5804 -17.7231 3
    endloop
  endfacet
  facet normal 0.595794 -0.803137 0
    outer loop
      vertex 30.0223 -17.1259 3
      vertex 30.3376 -16.892 35
      vertex 30.0223 -17.1259 35
    endloop
  endfacet
  facet normal 0.595794 -0.803137 0
    outer loop
      vertex 30.3376 -16.892 35
      vertex 30.0223 -17.1259 3
      vertex 30.3376 -16.892 3
    endloop
  endfacet
  facet normal 0.645065 -0.584729 -0.491918
    outer loop
      vertex 30.892 -16.3376 3
      vertex 29.4284 -15.4284 0
      vertex 29.692 -15.1376 0
    endloop
  endfacet
  facet normal 0.645065 -0.584729 -0.491918
    outer loop
      vertex 29.4284 -15.4284 0
      vertex 30.892 -16.3376 3
      vertex 30.6284 -16.6284 3
    endloop
  endfacet
  facet normal 0 0 -1
    outer loop
      vertex 26.6 -16.6 0
      vertex 30.6 -12.6 0
      vertex 30.5807 -12.9921 0
    endloop
  endfacet
  facet normal -0 0 -1
    outer loop
      vertex 30.6 -12.6 0
      vertex 26.6 -16.6 0
      vertex 30.6 12.6 0
    endloop
  endfacet
  facet normal 0 0 -1
    outer loop
      vertex 26.6 -16.6 0
      vertex 30.5807 -12.9921 0
      vertex 30.5231 -13.3804 0
    endloop
  endfacet
  facet normal 0 0 -1
    outer loop
      vertex 26.6 16.6 0
      vertex 30.6 12.6 0
      vertex 26.6 -16.6 0
    endloop
  endfacet
  facet normal 0 0 -1
    outer loop
      vertex 26.6 -16.6 0
      vertex 30.5231 -13.3804 0
      vertex 30.4277 -13.7611 0
    endloop
  endfacet
  facet normal 0 0 -1
    outer loop
      vertex 30.6 12.6 0
      vertex 26.6 16.6 0
      vertex 30.5807 12.9921 0
    endloop
  endfacet
  facet normal 0 0 -1
    outer loop
      vertex 26.6 -16.6 0
      vertex 30.4277 -13.7611 0
      vertex 30.2955 -14.1307 0
    endloop
  endfacet
  facet normal 0 0 -1
    outer loop
      vertex 30.5807 12.9921 0
      vertex 26.6 16.6 0
      vertex 30.5231 13.3804 0
    endloop
  endfacet
  facet normal 0 0 -1
    outer loop
      vertex 26.6 -16.6 0
      vertex 30.2955 -14.1307 0
      vertex 30.1277 -14.4856 0
    endloop
  endfacet
  facet normal 0 0 -1
    outer loop
      vertex 30.5231 13.3804 0
      vertex 26.6 16.6 0
      vertex 30.4277 13.7611 0
    endloop
  endfacet
  facet normal 0 0 -1
    outer loop
      vertex 26.6 -16.6 0
      vertex 30.1277 -14.4856 0
      vertex 29.9259 -14.8223 0
    endloop
  endfacet
  facet normal 0 0 -1
    outer loop
      vertex 30.4277 13.7611 0
      vertex 26.6 16.6 0
      vertex 30.2955 14.1307 0
    endloop
  endfacet
  facet normal 0 0 -1
    outer loop
      vertex 26.6 -16.6 0
      vertex 29.9259 -14.8223 0
      vertex 29.692 -15.1376 0
    endloop
  endfacet
  facet normal 0 0 -1
    outer loop
      vertex 30.2955 14.1307 0
      vertex 26.6 16.6 0
      vertex 30.1277 14.4856 0
    endloop
  endfacet
  facet normal 0 0 -1
    outer loop
      vertex 26.6 -16.6 0
      vertex 29.692 -15.1376 0
      vertex 29.4284 -15.4284 0
    endloop
  endfacet
  facet normal 0 0 -1
    outer loop
      vertex 30.1277 14.4856 0
      vertex 26.6 16.6 0
      vertex 29.9259 14.8223 0
    endloop
  endfacet
  facet normal 0 0 -1
    outer loop
      vertex 26.6 -16.6 0
      vertex 29.4284 -15.4284 0
      vertex 29.1376 -15.692 0
    endloop
  endfacet
  facet normal 0 0 -1
    outer loop
      vertex 29.9259 14.8223 0
      vertex 26.6 16.6 0
      vertex 29.692 15.1376 0
    endloop
  endfacet
  facet normal 0 0 -1
    outer loop
      vertex 26.6 -16.6 0
      vertex 29.1376 -15.692 0
      vertex 28.8223 -15.9259 0
    endloop
  endfacet
  facet normal 0 0 -1
    outer loop
      vertex 29.692 15.1376 0
      vertex 26.6 16.6 0
      vertex 29.4284 15.4284 0
    endloop
  endfacet
  facet normal 0 0 -1
    outer loop
      vertex 26.6 -16.6 0
      vertex 28.8223 -15.9259 0
      vertex 28.4856 -16.1277 0
    endloop
  endfacet
  facet normal 0 0 -1
    outer loop
      vertex 29.4284 15.4284 0
      vertex 26.6 16.6 0
      vertex 29.1376 15.692 0
    endloop
  endfacet
  facet normal 0 0 -1
    outer loop
      vertex 26.6 -16.6 0
      vertex 28.4856 -16.1277 0
      vertex 28.1307 -16.2955 0
    endloop
  endfacet
  facet normal 0 0 -1
    outer loop
      vertex 29.1376 15.692 0
      vertex 26.6 16.6 0
      vertex 28.8223 15.9259 0
    endloop
  endfacet
  facet normal 0 0 -1
    outer loop
      vertex 26.6 -16.6 0
      vertex 28.1307 -16.2955 0
      vertex 27.7611 -16.4277 0
    endloop
  endfacet
  facet normal 0 0 -1
    outer loop
      vertex 28.8223 15.9259 0
      vertex 26.6 16.6 0
      vertex 28.4856 16.1277 0
    endloop
  endfacet
  facet normal 0 0 -1
    outer loop
      vertex 26.6 -16.6 0
      vertex 27.7611 -16.4277 0
      vertex 27.3804 -16.5231 0
    endloop
  endfacet
  facet normal 0 0 -1
    outer loop
      vertex 28.4856 16.1277 0
      vertex 26.6 16.6 0
      vertex 28.1307 16.2955 0
    endloop
  endfacet
  facet normal 0 0 -1
    outer loop
      vertex 26.6 -16.6 0
      vertex 27.3804 -16.5231 0
      vertex 26.9921 -16.5807 0
    endloop
  endfacet
  facet normal 0 0 -1
    outer loop
      vertex 28.1307 16.2955 0
      vertex 26.6 16.6 0
      vertex 27.7611 16.4277 0
    endloop
  endfacet
  facet normal 0 0 -1
    outer loop
      vertex 27.7611 16.4277 0
      vertex 26.6 16.6 0
      vertex 27.3804 16.5231 0
    endloop
  endfacet
  facet normal 0 0 -1
    outer loop
      vertex 27.3804 16.5231 0
      vertex 26.6 16.6 0
      vertex 26.9921 16.5807 0
    endloop
  endfacet
  facet normal 0 0 -1
    outer loop
      vertex -26.6 -16.6 0
      vertex 26.6 16.6 0
      vertex 26.6 -16.6 0
    endloop
  endfacet
  facet normal 0 0 -1
    outer loop
      vertex -26.6 -16.6 0
      vertex -26.6 16.6 0
      vertex 26.6 16.6 0
    endloop
  endfacet
  facet normal 0 0 -1
    outer loop
      vertex -30.6 -12.6 0
      vertex -26.6 -16.6 0
      vertex -26.9921 -16.5807 0
    endloop
  endfacet
  facet normal 0 0 -1
    outer loop
      vertex -26.6 -16.6 0
      vertex -30.6 -12.6 0
      vertex -26.6 16.6 0
    endloop
  endfacet
  facet normal 0 0 -1
    outer loop
      vertex -30.6 -12.6 0
      vertex -26.9921 -16.5807 0
      vertex -27.3804 -16.5231 0
    endloop
  endfacet
  facet normal 0 0 -1
    outer loop
      vertex -30.6 12.6 0
      vertex -26.6 16.6 0
      vertex -30.6 -12.6 0
    endloop
  endfacet
  facet normal 0 0 -1
    outer loop
      vertex -30.6 -12.6 0
      vertex -27.3804 -16.5231 0
      vertex -27.7611 -16.4277 0
    endloop
  endfacet
  facet normal 0 0 -1
    outer loop
      vertex -26.6 16.6 0
      vertex -30.6 12.6 0
      vertex -26.9921 16.5807 0
    endloop
  endfacet
  facet normal 0 0 -1
    outer loop
      vertex -30.6 -12.6 0
      vertex -27.7611 -16.4277 0
      vertex -28.1307 -16.2955 0
    endloop
  endfacet
  facet normal 0 0 -1
    outer loop
      vertex -26.9921 16.5807 0
      vertex -30.6 12.6 0
      vertex -27.3804 16.5231 0
    endloop
  endfacet
  facet normal 0 0 -1
    outer loop
      vertex -30.6 -12.6 0
      vertex -28.1307 -16.2955 0
      vertex -28.4856 -16.1277 0
    endloop
  endfacet
  facet normal 0 0 -1
    outer loop
      vertex -27.3804 16.5231 0
      vertex -30.6 12.6 0
      vertex -27.7611 16.4277 0
    endloop
  endfacet
  facet normal 0 0 -1
    outer loop
      vertex -30.6 -12.6 0
      vertex -28.4856 -16.1277 0
      vertex -28.8223 -15.9259 0
    endloop
  endfacet
  facet normal 0 0 -1
    outer loop
      vertex -27.7611 16.4277 0
      vertex -30.6 12.6 0
      vertex -28.1307 16.2955 0
    endloop
  endfacet
  facet normal 0 0 -1
    outer loop
      vertex -30.6 -12.6 0
      vertex -28.8223 -15.9259 0
      vertex -29.1376 -15.692 0
    endloop
  endfacet
  facet normal 0 0 -1
    outer loop
      vertex -28.1307 16.2955 0
      vertex -30.6 12.6 0
      vertex -28.4856 16.1277 0
    endloop
  endfacet
  facet normal 0 0 -1
    outer loop
      vertex -30.6 -12.6 0
      vertex -29.1376 -15.692 0
      vertex -29.4284 -15.4284 0
    endloop
  endfacet
  facet normal 0 0 -1
    outer loop
      vertex -28.4856 16.1277 0
      vertex -30.6 12.6 0
      vertex -28.8223 15.9259 0
    endloop
  endfacet
  facet normal 0 0 -1
    outer loop
      vertex -30.6 -12.6 0
      vertex -29.4284 -15.4284 0
      vertex -29.692 -15.1376 0
    endloop
  endfacet
  facet normal 0 0 -1
    outer loop
      vertex -28.8223 15.9259 0
      vertex -30.6 12.6 0
      vertex -29.1376 15.692 0
    endloop
  endfacet
  facet normal 0 0 -1
    outer loop
      vertex -30.6 -12.6 0
      vertex -29.692 -15.1376 0
      vertex -29.9259 -14.8223 0
    endloop
  endfacet
  facet normal 0 0 -1
    outer loop
      vertex -29.1376 15.692 0
      vertex -30.6 12.6 0
      vertex -29.4284 15.4284 0
    endloop
  endfacet
  facet normal 0 0 -1
    outer loop
      vertex -30.6 -12.6 0
      vertex -29.9259 -14.8223 0
      vertex -30.1277 -14.4856 0
    endloop
  endfacet
  facet normal 0 0 -1
    outer loop
      vertex -29.4284 15.4284 0
      vertex -30.6 12.6 0
      vertex -29.692 15.1376 0
    endloop
  endfacet
  facet normal 0 0 -1
    outer loop
      vertex -30.6 -12.6 0
      vertex -30.1277 -14.4856 0
      vertex -30.2955 -14.1307 0
    endloop
  endfacet
  facet normal 0 0 -1
    outer loop
      vertex -29.692 15.1376 0
      vertex -30.6 12.6 0
      vertex -29.9259 14.8223 0
    endloop
  endfacet
  facet normal 0 0 -1
    outer loop
      vertex -30.6 -12.6 0
      vertex -30.2955 -14.1307 0
      vertex -30.4277 -13.7611 0
    endloop
  endfacet
  facet normal 0 0 -1
    outer loop
      vertex -29.9259 14.8223 0
      vertex -30.6 12.6 0
      vertex -30.1277 14.4856 0
    endloop
  endfacet
  facet normal 0 0 -1
    outer loop
      vertex -30.6 -12.6 0
      vertex -30.4277 -13.7611 0
      vertex -30.5231 -13.3804 0
    endloop
  endfacet
  facet normal 0 0 -1
    outer loop
      vertex -30.1277 14.4856 0
      vertex -30.6 12.6 0
      vertex -30.2955 14.1307 0
    endloop
  endfacet
  facet normal 0 0 -1
    outer loop
      vertex -30.6 -12.6 0
      vertex -30.5231 -13.3804 0
      vertex -30.5807 -12.9921 0
    endloop
  endfacet
  facet normal 0 0 -1
    outer loop
      vertex -30.2955 14.1307 0
      vertex -30.6 12.6 0
      vertex -30.4277 13.7611 0
    endloop
  endfacet
  facet normal 0 0 -1
    outer loop
      vertex -30.4277 13.7611 0
      vertex -30.6 12.6 0
      vertex -30.5231 13.3804 0
    endloop
  endfacet
  facet normal 0 0 -1
    outer loop
      vertex -30.5231 13.3804 0
      vertex -30.6 12.6 0
      vertex -30.5807 12.9921 0
    endloop
  endfacet
  facet normal 0.645065 0.584729 -0.491918
    outer loop
      vertex 30.892 16.3376 3
      vertex 29.4284 15.4284 0
      vertex 30.6284 16.6284 3
    endloop
  endfacet
  facet normal 0.645065 0.584729 -0.491918
    outer loop
      vertex 29.4284 15.4284 0
      vertex 30.892 16.3376 3
      vertex 29.692 15.1376 0
    endloop
  endfacet
  facet normal -0.740908 -0.671607 0
    outer loop
      vertex -30.6284 -16.6284 3
      vertex -30.892 -16.3376 35
      vertex -30.892 -16.3376 3
    endloop
  endfacet
  facet normal -0.740908 -0.671607 0
    outer loop
      vertex -30.892 -16.3376 35
      vertex -30.6284 -16.6284 3
      vertex -30.6284 -16.6284 35
    endloop
  endfacet
  facet normal -0.645065 -0.584729 -0.491918
    outer loop
      vertex -29.4284 -15.4284 0
      vertex -30.892 -16.3376 3
      vertex -29.692 -15.1376 0
    endloop
  endfacet
  facet normal -0.645065 -0.584729 -0.491918
    outer loop
      vertex -30.892 -16.3376 3
      vertex -29.4284 -15.4284 0
      vertex -30.6284 -16.6284 3
    endloop
  endfacet
  facet normal -0.243075 -0.970007 0
    outer loop
      vertex -28.9611 -17.6277 3
      vertex -28.5804 -17.7231 35
      vertex -28.9611 -17.6277 35
    endloop
  endfacet
  facet normal -0.243075 -0.970007 -0
    outer loop
      vertex -28.5804 -17.7231 35
      vertex -28.9611 -17.6277 3
      vertex -28.5804 -17.7231 3
    endloop
  endfacet
  facet normal 0.0491626 -0.998791 0
    outer loop
      vertex 27.8 -17.8 3
      vertex 28.1921 -17.7807 35
      vertex 27.8 -17.8 35
    endloop
  endfacet
  facet normal 0.0491626 -0.998791 0
    outer loop
      vertex 28.1921 -17.7807 35
      vertex 27.8 -17.8 3
      vertex 28.1921 -17.7807 3
    endloop
  endfacet
  facet normal -0.45069 0.751969 -0.481063
    outer loop
      vertex -28.8223 15.9259 0
      vertex -29.6856 17.3277 3
      vertex -28.4856 16.1277 0
    endloop
  endfacet
  facet normal -0.45069 0.751969 -0.481063
    outer loop
      vertex -29.6856 17.3277 3
      vertex -28.8223 15.9259 0
      vertex -30.0223 17.1259 3
    endloop
  endfacet
  facet normal 0.218689 -0.872695 -0.436554
    outer loop
      vertex 27.7611 -16.4277 0
      vertex 28.5804 -17.7231 3
      vertex 27.3804 -16.5231 0
    endloop
  endfacet
  facet normal 0.218689 -0.872695 -0.436554
    outer loop
      vertex 28.5804 -17.7231 3
      vertex 27.7611 -16.4277 0
      vertex 28.9611 -17.6277 3
    endloop
  endfacet
  facet normal 0.45069 -0.751969 -0.481063
    outer loop
      vertex 28.8223 -15.9259 0
      vertex 29.6856 -17.3277 3
      vertex 28.4856 -16.1277 0
    endloop
  endfacet
  facet normal 0.45069 -0.751969 -0.481063
    outer loop
      vertex 29.6856 -17.3277 3
      vertex 28.8223 -15.9259 0
      vertex 30.0223 -17.1259 3
    endloop
  endfacet
  facet normal 0.838336 0.299859 -0.455278
    outer loop
      vertex 31.6277 14.9611 3
      vertex 30.2955 14.1307 0
      vertex 31.4955 15.3307 3
    endloop
  endfacet
  facet normal 0.838336 0.299859 -0.455278
    outer loop
      vertex 30.2955 14.1307 0
      vertex 31.6277 14.9611 3
      vertex 30.4277 13.7611 0
    endloop
  endfacet
  facet normal -0.519929 -0.70087 -0.488319
    outer loop
      vertex -29.1376 -15.692 0
      vertex -30.0223 -17.1259 3
      vertex -30.3376 -16.892 3
    endloop
  endfacet
  facet normal -0.519929 -0.70087 -0.488319
    outer loop
      vertex -30.0223 -17.1259 3
      vertex -29.1376 -15.692 0
      vertex -28.8223 -15.9259 0
    endloop
  endfacet
  facet normal -0.989176 0.146733 0
    outer loop
      vertex -31.7807 14.1921 3
      vertex -31.7231 14.5804 35
      vertex -31.7231 14.5804 3
    endloop
  endfacet
  facet normal -0.989176 0.146733 0
    outer loop
      vertex -31.7231 14.5804 35
      vertex -31.7807 14.1921 3
      vertex -31.7807 14.1921 35
    endloop
  endfacet
  facet normal 0.85774 -0.514084 0
    outer loop
      vertex 31.1259 -16.0223 35
      vertex 31.3277 -15.6856 3
      vertex 31.3277 -15.6856 35
    endloop
  endfacet
  facet normal 0.85774 -0.514084 0
    outer loop
      vertex 31.3277 -15.6856 3
      vertex 31.1259 -16.0223 35
      vertex 31.1259 -16.0223 3
    endloop
  endfacet
  facet normal -0.595794 -0.803137 0
    outer loop
      vertex -30.3376 -16.892 3
      vertex -30.0223 -17.1259 35
      vertex -30.3376 -16.892 35
    endloop
  endfacet
  facet normal -0.595794 -0.803137 -0
    outer loop
      vertex -30.0223 -17.1259 35
      vertex -30.3376 -16.892 3
      vertex -30.0223 -17.1259 3
    endloop
  endfacet
  facet normal 0.299859 -0.838336 -0.455278
    outer loop
      vertex 28.1307 -16.2955 0
      vertex 28.9611 -17.6277 3
      vertex 27.7611 -16.4277 0
    endloop
  endfacet
  facet normal 0.299859 -0.838336 -0.455278
    outer loop
      vertex 28.9611 -17.6277 3
      vertex 28.1307 -16.2955 0
      vertex 29.3307 -17.4955 3
    endloop
  endfacet
  facet normal -0.584729 -0.645065 -0.491918
    outer loop
      vertex -29.4284 -15.4284 0
      vertex -30.3376 -16.892 3
      vertex -30.6284 -16.6284 3
    endloop
  endfacet
  facet normal -0.584729 -0.645065 -0.491918
    outer loop
      vertex -30.3376 -16.892 3
      vertex -29.4284 -15.4284 0
      vertex -29.1376 -15.692 0
    endloop
  endfacet
  facet normal -0.336788 0.94158 0
    outer loop
      vertex -28.9611 17.6277 3
      vertex -29.3307 17.4955 35
      vertex -28.9611 17.6277 35
    endloop
  endfacet
  facet normal -0.336788 0.94158 0
    outer loop
      vertex -29.3307 17.4955 35
      vertex -28.9611 17.6277 3
      vertex -29.3307 17.4955 3
    endloop
  endfacet
  facet normal -0.904044 0.42744 0
    outer loop
      vertex -31.4955 15.3307 3
      vertex -31.3277 15.6856 35
      vertex -31.3277 15.6856 3
    endloop
  endfacet
  facet normal -0.904044 0.42744 0
    outer loop
      vertex -31.3277 15.6856 35
      vertex -31.4955 15.3307 3
      vertex -31.4955 15.3307 35
    endloop
  endfacet
  facet normal -0.94158 0.336788 0
    outer loop
      vertex -31.6277 14.9611 3
      vertex -31.4955 15.3307 35
      vertex -31.4955 15.3307 3
    endloop
  endfacet
  facet normal -0.94158 0.336788 0
    outer loop
      vertex -31.4955 15.3307 35
      vertex -31.6277 14.9611 3
      vertex -31.6277 14.9611 35
    endloop
  endfacet
  facet normal 0.803137 0.595794 0
    outer loop
      vertex 31.1259 16.0223 35
      vertex 30.892 16.3376 3
      vertex 30.892 16.3376 35
    endloop
  endfacet
  facet normal 0.803137 0.595794 0
    outer loop
      vertex 30.892 16.3376 3
      vertex 31.1259 16.0223 35
      vertex 31.1259 16.0223 3
    endloop
  endfacet
  facet normal 0.797931 -0.377269 -0.47008
    outer loop
      vertex 31.4955 -15.3307 3
      vertex 30.1277 -14.4856 0
      vertex 30.2955 -14.1307 0
    endloop
  endfacet
  facet normal 0.797931 -0.377269 -0.47008
    outer loop
      vertex 30.1277 -14.4856 0
      vertex 31.4955 -15.3307 3
      vertex 31.3277 -15.6856 3
    endloop
  endfacet
  facet normal 0.904044 -0.42744 0
    outer loop
      vertex 31.3277 -15.6856 35
      vertex 31.4955 -15.3307 3
      vertex 31.4955 -15.3307 35
    endloop
  endfacet
  facet normal 0.904044 -0.42744 0
    outer loop
      vertex 31.4955 -15.3307 3
      vertex 31.3277 -15.6856 35
      vertex 31.3277 -15.6856 3
    endloop
  endfacet
  facet normal 0.740908 -0.671607 0
    outer loop
      vertex 30.6284 -16.6284 35
      vertex 30.892 -16.3376 3
      vertex 30.892 -16.3376 35
    endloop
  endfacet
  facet normal 0.740908 -0.671607 0
    outer loop
      vertex 30.892 -16.3376 3
      vertex 30.6284 -16.6284 35
      vertex 30.6284 -16.6284 3
    endloop
  endfacet
  facet normal -0.872695 -0.218689 -0.436554
    outer loop
      vertex -30.4277 -13.7611 0
      vertex -31.7231 -14.5804 3
      vertex -30.5231 -13.3804 0
    endloop
  endfacet
  facet normal -0.872695 -0.218689 -0.436554
    outer loop
      vertex -31.7231 -14.5804 3
      vertex -30.4277 -13.7611 0
      vertex -31.6277 -14.9611 3
    endloop
  endfacet
  facet normal -0.45069 -0.751969 -0.481063
    outer loop
      vertex -28.8223 -15.9259 0
      vertex -29.6856 -17.3277 3
      vertex -30.0223 -17.1259 3
    endloop
  endfacet
  facet normal -0.45069 -0.751969 -0.481063
    outer loop
      vertex -29.6856 -17.3277 3
      vertex -28.8223 -15.9259 0
      vertex -28.4856 -16.1277 0
    endloop
  endfacet
  facet normal -0.989176 -0.146733 0
    outer loop
      vertex -31.7231 -14.5804 3
      vertex -31.7807 -14.1921 35
      vertex -31.7807 -14.1921 3
    endloop
  endfacet
  facet normal -0.989176 -0.146733 0
    outer loop
      vertex -31.7807 -14.1921 35
      vertex -31.7231 -14.5804 3
      vertex -31.7231 -14.5804 35
    endloop
  endfacet
  facet normal -0.740908 0.671607 0
    outer loop
      vertex -30.892 16.3376 3
      vertex -30.6284 16.6284 35
      vertex -30.6284 16.6284 3
    endloop
  endfacet
  facet normal -0.740908 0.671607 0
    outer loop
      vertex -30.6284 16.6284 35
      vertex -30.892 16.3376 3
      vertex -30.892 16.3376 35
    endloop
  endfacet
  facet normal 0.751969 0.45069 -0.481063
    outer loop
      vertex 31.3277 15.6856 3
      vertex 29.9259 14.8223 0
      vertex 31.1259 16.0223 3
    endloop
  endfacet
  facet normal 0.751969 0.45069 -0.481063
    outer loop
      vertex 29.9259 14.8223 0
      vertex 31.3277 15.6856 3
      vertex 30.1277 14.4856 0
    endloop
  endfacet
  facet normal 0.519929 -0.70087 -0.488319
    outer loop
      vertex 29.1376 -15.692 0
      vertex 30.0223 -17.1259 3
      vertex 28.8223 -15.9259 0
    endloop
  endfacet
  facet normal 0.519929 -0.70087 -0.488319
    outer loop
      vertex 30.0223 -17.1259 3
      vertex 29.1376 -15.692 0
      vertex 30.3376 -16.892 3
    endloop
  endfacet
  facet normal 0.218689 0.872695 -0.436554
    outer loop
      vertex 27.7611 16.4277 0
      vertex 28.5804 17.7231 3
      vertex 28.9611 17.6277 3
    endloop
  endfacet
  facet normal 0.218689 0.872695 -0.436554
    outer loop
      vertex 28.5804 17.7231 3
      vertex 27.7611 16.4277 0
      vertex 27.3804 16.5231 0
    endloop
  endfacet
  facet normal 0.13359 0.900574 -0.413666
    outer loop
      vertex 27.3804 16.5231 0
      vertex 28.1921 17.7807 3
      vertex 28.5804 17.7231 3
    endloop
  endfacet
  facet normal 0.13359 0.900574 -0.413666
    outer loop
      vertex 28.1921 17.7807 3
      vertex 27.3804 16.5231 0
      vertex 26.9921 16.5807 0
    endloop
  endfacet
  facet normal -0.751969 0.45069 -0.481063
    outer loop
      vertex -29.9259 14.8223 0
      vertex -31.3277 15.6856 3
      vertex -31.1259 16.0223 3
    endloop
  endfacet
  facet normal -0.751969 0.45069 -0.481063
    outer loop
      vertex -31.3277 15.6856 3
      vertex -29.9259 14.8223 0
      vertex -30.1277 14.4856 0
    endloop
  endfacet
  facet normal 0.803137 -0.595794 0
    outer loop
      vertex 30.892 -16.3376 35
      vertex 31.1259 -16.0223 3
      vertex 31.1259 -16.0223 35
    endloop
  endfacet
  facet normal 0.803137 -0.595794 0
    outer loop
      vertex 31.1259 -16.0223 3
      vertex 30.892 -16.3376 35
      vertex 30.892 -16.3376 3
    endloop
  endfacet
  facet normal 0.299859 0.838336 -0.455278
    outer loop
      vertex 28.1307 16.2955 0
      vertex 28.9611 17.6277 3
      vertex 29.3307 17.4955 3
    endloop
  endfacet
  facet normal 0.299859 0.838336 -0.455278
    outer loop
      vertex 28.9611 17.6277 3
      vertex 28.1307 16.2955 0
      vertex 27.7611 16.4277 0
    endloop
  endfacet
  facet normal 0.671607 -0.740908 0
    outer loop
      vertex 30.3376 -16.892 3
      vertex 30.6284 -16.6284 35
      vertex 30.3376 -16.892 35
    endloop
  endfacet
  facet normal 0.671607 -0.740908 0
    outer loop
      vertex 30.6284 -16.6284 35
      vertex 30.3376 -16.892 3
      vertex 30.6284 -16.6284 3
    endloop
  endfacet
  facet normal 0.872695 -0.218689 -0.436554
    outer loop
      vertex 31.7231 -14.5804 3
      vertex 30.4277 -13.7611 0
      vertex 30.5231 -13.3804 0
    endloop
  endfacet
  facet normal 0.872695 -0.218689 -0.436554
    outer loop
      vertex 30.4277 -13.7611 0
      vertex 31.7231 -14.5804 3
      vertex 31.6277 -14.9611 3
    endloop
  endfacet
  facet normal 0.900574 -0.13359 -0.413666
    outer loop
      vertex 31.7807 -14.1921 3
      vertex 30.5231 -13.3804 0
      vertex 30.5807 -12.9921 0
    endloop
  endfacet
  facet normal 0.900574 -0.13359 -0.413666
    outer loop
      vertex 30.5231 -13.3804 0
      vertex 31.7807 -14.1921 3
      vertex 31.7231 -14.5804 3
    endloop
  endfacet
  facet normal 0.970007 0.243075 0
    outer loop
      vertex 31.7231 14.5804 35
      vertex 31.6277 14.9611 3
      vertex 31.6277 14.9611 35
    endloop
  endfacet
  facet normal 0.970007 0.243075 0
    outer loop
      vertex 31.6277 14.9611 3
      vertex 31.7231 14.5804 35
      vertex 31.7231 14.5804 3
    endloop
  endfacet
  facet normal 0.377269 0.797931 -0.47008
    outer loop
      vertex 28.4856 16.1277 0
      vertex 29.3307 17.4955 3
      vertex 29.6856 17.3277 3
    endloop
  endfacet
  facet normal 0.377269 0.797931 -0.47008
    outer loop
      vertex 29.3307 17.4955 3
      vertex 28.4856 16.1277 0
      vertex 28.1307 16.2955 0
    endloop
  endfacet
  facet normal -0.645065 0.584729 -0.491918
    outer loop
      vertex -29.4284 15.4284 0
      vertex -30.892 16.3376 3
      vertex -30.6284 16.6284 3
    endloop
  endfacet
  facet normal -0.645065 0.584729 -0.491918
    outer loop
      vertex -30.892 16.3376 3
      vertex -29.4284 15.4284 0
      vertex -29.692 15.1376 0
    endloop
  endfacet
  facet normal 0.970007 -0.243075 0
    outer loop
      vertex 31.6277 -14.9611 35
      vertex 31.7231 -14.5804 3
      vertex 31.7231 -14.5804 35
    endloop
  endfacet
  facet normal 0.970007 -0.243075 0
    outer loop
      vertex 31.7231 -14.5804 3
      vertex 31.6277 -14.9611 35
      vertex 31.6277 -14.9611 3
    endloop
  endfacet
  facet normal -0.838336 0.299859 -0.455278
    outer loop
      vertex -30.2955 14.1307 0
      vertex -31.6277 14.9611 3
      vertex -31.4955 15.3307 3
    endloop
  endfacet
  facet normal -0.838336 0.299859 -0.455278
    outer loop
      vertex -31.6277 14.9611 3
      vertex -30.2955 14.1307 0
      vertex -30.4277 13.7611 0
    endloop
  endfacet
  facet normal -0.584729 0.645065 -0.491918
    outer loop
      vertex -29.4284 15.4284 0
      vertex -30.3376 16.892 3
      vertex -29.1376 15.692 0
    endloop
  endfacet
  facet normal -0.584729 0.645065 -0.491918
    outer loop
      vertex -30.3376 16.892 3
      vertex -29.4284 15.4284 0
      vertex -30.6284 16.6284 3
    endloop
  endfacet
  facet normal 0.584729 -0.645065 -0.491918
    outer loop
      vertex 29.4284 -15.4284 0
      vertex 30.3376 -16.892 3
      vertex 29.1376 -15.692 0
    endloop
  endfacet
  facet normal 0.584729 -0.645065 -0.491918
    outer loop
      vertex 30.3376 -16.892 3
      vertex 29.4284 -15.4284 0
      vertex 30.6284 -16.6284 3
    endloop
  endfacet
  facet normal 0.751969 -0.45069 -0.481063
    outer loop
      vertex 31.3277 -15.6856 3
      vertex 29.9259 -14.8223 0
      vertex 30.1277 -14.4856 0
    endloop
  endfacet
  facet normal 0.751969 -0.45069 -0.481063
    outer loop
      vertex 29.9259 -14.8223 0
      vertex 31.3277 -15.6856 3
      vertex 31.1259 -16.0223 3
    endloop
  endfacet
  facet normal 0 0 -1
    outer loop
      vertex 31.8 -13.8 35
      vertex 34.3 -13.8 35
      vertex 34.2687 -14.4371 35
    endloop
  endfacet
  facet normal 0 0 -1
    outer loop
      vertex 34.3 -13.8 35
      vertex 31.8 -13.8 35
      vertex 34.3 13.8 35
    endloop
  endfacet
  facet normal 0 0 -1
    outer loop
      vertex 31.7807 -14.1921 35
      vertex 34.2687 -14.4371 35
      vertex 34.1751 -15.0681 35
    endloop
  endfacet
  facet normal 0 0 -1
    outer loop
      vertex 31.8 13.8 35
      vertex 34.3 13.8 35
      vertex 31.8 -13.8 35
    endloop
  endfacet
  facet normal 0 0 -1
    outer loop
      vertex 31.7231 -14.5804 35
      vertex 34.1751 -15.0681 35
      vertex 34.0201 -15.6868 35
    endloop
  endfacet
  facet normal 0 0 -1
    outer loop
      vertex 34.3 13.8 35
      vertex 31.8 13.8 35
      vertex 34.2687 14.4371 35
    endloop
  endfacet
  facet normal 0 0 -1
    outer loop
      vertex 31.6277 -14.9611 35
      vertex 34.0201 -15.6868 35
      vertex 33.8052 -16.2874 35
    endloop
  endfacet
  facet normal 0 0 -1
    outer loop
      vertex 31.7807 14.1921 35
      vertex 34.2687 14.4371 35
      vertex 31.8 13.8 35
    endloop
  endfacet
  facet normal 0 0 -1
    outer loop
      vertex 31.4955 -15.3307 35
      vertex 33.8052 -16.2874 35
      vertex 33.5325 -16.8641 35
    endloop
  endfacet
  facet normal -0 0 -1
    outer loop
      vertex 34.2687 14.4371 35
      vertex 31.7807 14.1921 35
      vertex 34.1751 15.0681 35
    endloop
  endfacet
  facet normal 0 0 -1
    outer loop
      vertex 31.3277 -15.6856 35
      vertex 33.5325 -16.8641 35
      vertex 33.2045 -17.4112 35
    endloop
  endfacet
  facet normal 0 0 -1
    outer loop
      vertex 31.7231 14.5804 35
      vertex 34.1751 15.0681 35
      vertex 31.7807 14.1921 35
    endloop
  endfacet
  facet normal 0 0 -1
    outer loop
      vertex 31.1259 -16.0223 35
      vertex 33.2045 -17.4112 35
      vertex 32.8246 -17.9235 35
    endloop
  endfacet
  facet normal -0 0 -1
    outer loop
      vertex 34.1751 15.0681 35
      vertex 31.7231 14.5804 35
      vertex 34.0201 15.6868 35
    endloop
  endfacet
  facet normal 0 0 -1
    outer loop
      vertex 30.892 -16.3376 35
      vertex 32.8246 -17.9235 35
      vertex 32.3962 -18.3962 35
    endloop
  endfacet
  facet normal 0 0 -1
    outer loop
      vertex 31.6277 14.9611 35
      vertex 34.0201 15.6868 35
      vertex 31.7231 14.5804 35
    endloop
  endfacet
  facet normal 0 0 -1
    outer loop
      vertex 30.6284 -16.6284 35
      vertex 32.3962 -18.3962 35
      vertex 31.9235 -18.8246 35
    endloop
  endfacet
  facet normal -0 0 -1
    outer loop
      vertex 34.0201 15.6868 35
      vertex 31.6277 14.9611 35
      vertex 33.8052 16.2874 35
    endloop
  endfacet
  facet normal 0 0 -1
    outer loop
      vertex 31.4955 15.3307 35
      vertex 33.8052 16.2874 35
      vertex 31.6277 14.9611 35
    endloop
  endfacet
  facet normal 0 0 -1
    outer loop
      vertex 34.2687 -14.4371 35
      vertex 31.7807 -14.1921 35
      vertex 31.8 -13.8 35
    endloop
  endfacet
  facet normal 0 0 -1
    outer loop
      vertex 34.1751 -15.0681 35
      vertex 31.7231 -14.5804 35
      vertex 31.7807 -14.1921 35
    endloop
  endfacet
  facet normal 0 0 -1
    outer loop
      vertex 34.0201 -15.6868 35
      vertex 31.6277 -14.9611 35
      vertex 31.7231 -14.5804 35
    endloop
  endfacet
  facet normal 0 0 -1
    outer loop
      vertex 33.8052 -16.2874 35
      vertex 31.4955 -15.3307 35
      vertex 31.6277 -14.9611 35
    endloop
  endfacet
  facet normal 0 0 -1
    outer loop
      vertex 30.3376 -16.892 35
      vertex 31.9235 -18.8246 35
      vertex 31.4112 -19.2045 35
    endloop
  endfacet
  facet normal 0 0 -1
    outer loop
      vertex 33.5325 -16.8641 35
      vertex 31.3277 -15.6856 35
      vertex 31.4955 -15.3307 35
    endloop
  endfacet
  facet normal 0 0 -1
    outer loop
      vertex 33.2045 -17.4112 35
      vertex 31.1259 -16.0223 35
      vertex 31.3277 -15.6856 35
    endloop
  endfacet
  facet normal 0 0 -1
    outer loop
      vertex 32.8246 -17.9235 35
      vertex 30.892 -16.3376 35
      vertex 31.1259 -16.0223 35
    endloop
  endfacet
  facet normal 0 0 -1
    outer loop
      vertex 30.0223 -17.1259 35
      vertex 31.4112 -19.2045 35
      vertex 30.8641 -19.5325 35
    endloop
  endfacet
  facet normal 0 0 -1
    outer loop
      vertex 32.3962 -18.3962 35
      vertex 30.6284 -16.6284 35
      vertex 30.892 -16.3376 35
    endloop
  endfacet
  facet normal 0 0 -1
    outer loop
      vertex 31.9235 -18.8246 35
      vertex 30.3376 -16.892 35
      vertex 30.6284 -16.6284 35
    endloop
  endfacet
  facet normal 0 0 -1
    outer loop
      vertex 29.6856 -17.3277 35
      vertex 30.8641 -19.5325 35
      vertex 30.2874 -19.8052 35
    endloop
  endfacet
  facet normal 0 0 -1
    outer loop
      vertex 31.4112 -19.2045 35
      vertex 30.0223 -17.1259 35
      vertex 30.3376 -16.892 35
    endloop
  endfacet
  facet normal 0 0 -1
    outer loop
      vertex 29.3307 -17.4955 35
      vertex 30.2874 -19.8052 35
      vertex 29.6868 -20.0201 35
    endloop
  endfacet
  facet normal 0 0 -1
    outer loop
      vertex 30.8641 -19.5325 35
      vertex 29.6856 -17.3277 35
      vertex 30.0223 -17.1259 35
    endloop
  endfacet
  facet normal 0 0 -1
    outer loop
      vertex 30.2874 -19.8052 35
      vertex 29.3307 -17.4955 35
      vertex 29.6856 -17.3277 35
    endloop
  endfacet
  facet normal 0 0 -1
    outer loop
      vertex 28.9611 -17.6277 35
      vertex 29.6868 -20.0201 35
      vertex 29.0681 -20.1751 35
    endloop
  endfacet
  facet normal 0 0 -1
    outer loop
      vertex 29.6868 -20.0201 35
      vertex 28.9611 -17.6277 35
      vertex 29.3307 -17.4955 35
    endloop
  endfacet
  facet normal 0 0 -1
    outer loop
      vertex 29.0681 -20.1751 35
      vertex 28.5804 -17.7231 35
      vertex 28.9611 -17.6277 35
    endloop
  endfacet
  facet normal 0 0 -1
    outer loop
      vertex 28.4371 -20.2687 35
      vertex 28.5804 -17.7231 35
      vertex 29.0681 -20.1751 35
    endloop
  endfacet
  facet normal 0 0 -1
    outer loop
      vertex 28.4371 -20.2687 35
      vertex 28.1921 -17.7807 35
      vertex 28.5804 -17.7231 35
    endloop
  endfacet
  facet normal 0 0 -1
    outer loop
      vertex 27.8 -20.3 35
      vertex 28.1921 -17.7807 35
      vertex 28.4371 -20.2687 35
    endloop
  endfacet
  facet normal 0 0 -1
    outer loop
      vertex 27.8 -20.3 35
      vertex 27.8 -17.8 35
      vertex 28.1921 -17.7807 35
    endloop
  endfacet
  facet normal 0 0 -1
    outer loop
      vertex -27.8 -20.3 35
      vertex 27.8 -17.8 35
      vertex 27.8 -20.3 35
    endloop
  endfacet
  facet normal 0 0 -1
    outer loop
      vertex -27.8 -20.3 35
      vertex -27.8 -17.8 35
      vertex 27.8 -17.8 35
    endloop
  endfacet
  facet normal 0 0 -1
    outer loop
      vertex -27.8 -20.3 35
      vertex -28.1921 -17.7807 35
      vertex -27.8 -17.8 35
    endloop
  endfacet
  facet normal 0 0 -1
    outer loop
      vertex -28.4371 -20.2687 35
      vertex -28.1921 -17.7807 35
      vertex -27.8 -20.3 35
    endloop
  endfacet
  facet normal 0 0 -1
    outer loop
      vertex -28.4371 -20.2687 35
      vertex -28.5804 -17.7231 35
      vertex -28.1921 -17.7807 35
    endloop
  endfacet
  facet normal 0 0 -1
    outer loop
      vertex -29.0681 -20.1751 35
      vertex -28.5804 -17.7231 35
      vertex -28.4371 -20.2687 35
    endloop
  endfacet
  facet normal -0 0 -1
    outer loop
      vertex -28.5804 -17.7231 35
      vertex -29.0681 -20.1751 35
      vertex -28.9611 -17.6277 35
    endloop
  endfacet
  facet normal 0 0 -1
    outer loop
      vertex -29.6868 -20.0201 35
      vertex -28.9611 -17.6277 35
      vertex -29.0681 -20.1751 35
    endloop
  endfacet
  facet normal -0 0 -1
    outer loop
      vertex -28.9611 -17.6277 35
      vertex -29.6868 -20.0201 35
      vertex -29.3307 -17.4955 35
    endloop
  endfacet
  facet normal 0 0 -1
    outer loop
      vertex -30.2874 -19.8052 35
      vertex -29.3307 -17.4955 35
      vertex -29.6868 -20.0201 35
    endloop
  endfacet
  facet normal -0 0 -1
    outer loop
      vertex -29.3307 -17.4955 35
      vertex -30.2874 -19.8052 35
      vertex -29.6856 -17.3277 35
    endloop
  endfacet
  facet normal 0 0 -1
    outer loop
      vertex -30.8641 -19.5325 35
      vertex -29.6856 -17.3277 35
      vertex -30.2874 -19.8052 35
    endloop
  endfacet
  facet normal -0 0 -1
    outer loop
      vertex -29.6856 -17.3277 35
      vertex -30.8641 -19.5325 35
      vertex -30.0223 -17.1259 35
    endloop
  endfacet
  facet normal 0 0 -1
    outer loop
      vertex -31.4112 -19.2045 35
      vertex -30.0223 -17.1259 35
      vertex -30.8641 -19.5325 35
    endloop
  endfacet
  facet normal -0 0 -1
    outer loop
      vertex -30.0223 -17.1259 35
      vertex -31.4112 -19.2045 35
      vertex -30.3376 -16.892 35
    endloop
  endfacet
  facet normal 0 0 -1
    outer loop
      vertex -31.9235 -18.8246 35
      vertex -30.3376 -16.892 35
      vertex -31.4112 -19.2045 35
    endloop
  endfacet
  facet normal -0 0 -1
    outer loop
      vertex -30.3376 -16.892 35
      vertex -31.9235 -18.8246 35
      vertex -30.6284 -16.6284 35
    endloop
  endfacet
  facet normal 0 0 -1
    outer loop
      vertex -32.3962 -18.3962 35
      vertex -30.6284 -16.6284 35
      vertex -31.9235 -18.8246 35
    endloop
  endfacet
  facet normal -0 0 -1
    outer loop
      vertex -30.6284 -16.6284 35
      vertex -32.3962 -18.3962 35
      vertex -30.892 -16.3376 35
    endloop
  endfacet
  facet normal 0 0 -1
    outer loop
      vertex -32.8246 -17.9235 35
      vertex -30.892 -16.3376 35
      vertex -32.3962 -18.3962 35
    endloop
  endfacet
  facet normal -0 0 -1
    outer loop
      vertex -30.892 -16.3376 35
      vertex -32.8246 -17.9235 35
      vertex -31.1259 -16.0223 35
    endloop
  endfacet
  facet normal 0 0 -1
    outer loop
      vertex -33.2045 -17.4112 35
      vertex -31.1259 -16.0223 35
      vertex -32.8246 -17.9235 35
    endloop
  endfacet
  facet normal -0 0 -1
    outer loop
      vertex -31.1259 -16.0223 35
      vertex -33.2045 -17.4112 35
      vertex -31.3277 -15.6856 35
    endloop
  endfacet
  facet normal 0 0 -1
    outer loop
      vertex -33.8052 -16.2874 35
      vertex -31.4955 -15.3307 35
      vertex -33.5325 -16.8641 35
    endloop
  endfacet
  facet normal -0 0 -1
    outer loop
      vertex -31.3277 -15.6856 35
      vertex -33.5325 -16.8641 35
      vertex -31.4955 -15.3307 35
    endloop
  endfacet
  facet normal 0 0 -1
    outer loop
      vertex -33.5325 -16.8641 35
      vertex -31.3277 -15.6856 35
      vertex -33.2045 -17.4112 35
    endloop
  endfacet
  facet normal -0 0 -1
    outer loop
      vertex 33.8052 16.2874 35
      vertex 31.4955 15.3307 35
      vertex 33.5325 16.8641 35
    endloop
  endfacet
  facet normal 0 0 -1
    outer loop
      vertex 31.3277 15.6856 35
      vertex 33.5325 16.8641 35
      vertex 31.4955 15.3307 35
    endloop
  endfacet
  facet normal -0 0 -1
    outer loop
      vertex 33.5325 16.8641 35
      vertex 31.3277 15.6856 35
      vertex 33.2045 17.4112 35
    endloop
  endfacet
  facet normal 0 0 -1
    outer loop
      vertex 31.1259 16.0223 35
      vertex 33.2045 17.4112 35
      vertex 31.3277 15.6856 35
    endloop
  endfacet
  facet normal -0 0 -1
    outer loop
      vertex 33.2045 17.4112 35
      vertex 31.1259 16.0223 35
      vertex 32.8246 17.9235 35
    endloop
  endfacet
  facet normal 0 0 -1
    outer loop
      vertex 30.892 16.3376 35
      vertex 32.8246 17.9235 35
      vertex 31.1259 16.0223 35
    endloop
  endfacet
  facet normal -0 0 -1
    outer loop
      vertex 32.8246 17.9235 35
      vertex 30.892 16.3376 35
      vertex 32.3962 18.3962 35
    endloop
  endfacet
  facet normal 0 0 -1
    outer loop
      vertex 30.6284 16.6284 35
      vertex 32.3962 18.3962 35
      vertex 30.892 16.3376 35
    endloop
  endfacet
  facet normal -0 0 -1
    outer loop
      vertex 32.3962 18.3962 35
      vertex 30.6284 16.6284 35
      vertex 31.9235 18.8246 35
    endloop
  endfacet
  facet normal 0 0 -1
    outer loop
      vertex 30.3376 16.892 35
      vertex 31.9235 18.8246 35
      vertex 30.6284 16.6284 35
    endloop
  endfacet
  facet normal -0 0 -1
    outer loop
      vertex 31.9235 18.8246 35
      vertex 30.3376 16.892 35
      vertex 31.4112 19.2045 35
    endloop
  endfacet
  facet normal 0 0 -1
    outer loop
      vertex 30.0223 17.1259 35
      vertex 31.4112 19.2045 35
      vertex 30.3376 16.892 35
    endloop
  endfacet
  facet normal -0 0 -1
    outer loop
      vertex 31.4112 19.2045 35
      vertex 30.0223 17.1259 35
      vertex 30.8641 19.5325 35
    endloop
  endfacet
  facet normal 0 0 -1
    outer loop
      vertex 29.6856 17.3277 35
      vertex 30.8641 19.5325 35
      vertex 30.0223 17.1259 35
    endloop
  endfacet
  facet normal -0 0 -1
    outer loop
      vertex 30.8641 19.5325 35
      vertex 29.6856 17.3277 35
      vertex 30.2874 19.8052 35
    endloop
  endfacet
  facet normal 0 0 -1
    outer loop
      vertex 29.3307 17.4955 35
      vertex 30.2874 19.8052 35
      vertex 29.6856 17.3277 35
    endloop
  endfacet
  facet normal -0 0 -1
    outer loop
      vertex 30.2874 19.8052 35
      vertex 29.3307 17.4955 35
      vertex 29.6868 20.0201 35
    endloop
  endfacet
  facet normal 0 0 -1
    outer loop
      vertex 28.9611 17.6277 35
      vertex 29.6868 20.0201 35
      vertex 29.3307 17.4955 35
    endloop
  endfacet
  facet normal -0 0 -1
    outer loop
      vertex 29.6868 20.0201 35
      vertex 28.9611 17.6277 35
      vertex 29.0681 20.1751 35
    endloop
  endfacet
  facet normal 0 0 -1
    outer loop
      vertex 28.5804 17.7231 35
      vertex 29.0681 20.1751 35
      vertex 28.9611 17.6277 35
    endloop
  endfacet
  facet normal 0 0 -1
    outer loop
      vertex 28.5804 17.7231 35
      vertex 28.4371 20.2687 35
      vertex 29.0681 20.1751 35
    endloop
  endfacet
  facet normal 0 0 -1
    outer loop
      vertex 28.1921 17.7807 35
      vertex 28.4371 20.2687 35
      vertex 28.5804 17.7231 35
    endloop
  endfacet
  facet normal 0 0 -1
    outer loop
      vertex 27.8 17.8 35
      vertex 28.4371 20.2687 35
      vertex 28.1921 17.7807 35
    endloop
  endfacet
  facet normal 0 0 -1
    outer loop
      vertex 27.8 17.8 35
      vertex 27.8 20.3 35
      vertex 28.4371 20.2687 35
    endloop
  endfacet
  facet normal 0 0 -1
    outer loop
      vertex -27.8 17.8 35
      vertex 27.8 20.3 35
      vertex 27.8 17.8 35
    endloop
  endfacet
  facet normal 0 0 -1
    outer loop
      vertex -27.8 17.8 35
      vertex -27.8 20.3 35
      vertex 27.8 20.3 35
    endloop
  endfacet
  facet normal 0 0 -1
    outer loop
      vertex -28.1921 17.7807 35
      vertex -27.8 20.3 35
      vertex -27.8 17.8 35
    endloop
  endfacet
  facet normal 0 0 -1
    outer loop
      vertex -28.1921 17.7807 35
      vertex -28.4371 20.2687 35
      vertex -27.8 20.3 35
    endloop
  endfacet
  facet normal 0 0 -1
    outer loop
      vertex -28.5804 17.7231 35
      vertex -28.4371 20.2687 35
      vertex -28.1921 17.7807 35
    endloop
  endfacet
  facet normal 0 0 -1
    outer loop
      vertex -29.0681 20.1751 35
      vertex -28.5804 17.7231 35
      vertex -28.9611 17.6277 35
    endloop
  endfacet
  facet normal 0 0 -1
    outer loop
      vertex -28.5804 17.7231 35
      vertex -29.0681 20.1751 35
      vertex -28.4371 20.2687 35
    endloop
  endfacet
  facet normal 0 0 -1
    outer loop
      vertex -29.6868 20.0201 35
      vertex -28.9611 17.6277 35
      vertex -29.3307 17.4955 35
    endloop
  endfacet
  facet normal 0 0 -1
    outer loop
      vertex -30.2874 19.8052 35
      vertex -29.3307 17.4955 35
      vertex -29.6856 17.3277 35
    endloop
  endfacet
  facet normal 0 0 -1
    outer loop
      vertex -28.9611 17.6277 35
      vertex -29.6868 20.0201 35
      vertex -29.0681 20.1751 35
    endloop
  endfacet
  facet normal 0 0 -1
    outer loop
      vertex -30.8641 19.5325 35
      vertex -29.6856 17.3277 35
      vertex -30.0223 17.1259 35
    endloop
  endfacet
  facet normal 0 0 -1
    outer loop
      vertex -29.3307 17.4955 35
      vertex -30.2874 19.8052 35
      vertex -29.6868 20.0201 35
    endloop
  endfacet
  facet normal 0 0 -1
    outer loop
      vertex -31.4112 19.2045 35
      vertex -30.0223 17.1259 35
      vertex -30.3376 16.892 35
    endloop
  endfacet
  facet normal 0 0 -1
    outer loop
      vertex -31.9235 18.8246 35
      vertex -30.3376 16.892 35
      vertex -30.6284 16.6284 35
    endloop
  endfacet
  facet normal 0 0 -1
    outer loop
      vertex -29.6856 17.3277 35
      vertex -30.8641 19.5325 35
      vertex -30.2874 19.8052 35
    endloop
  endfacet
  facet normal 0 0 -1
    outer loop
      vertex -32.3962 18.3962 35
      vertex -30.6284 16.6284 35
      vertex -30.892 16.3376 35
    endloop
  endfacet
  facet normal 0 0 -1
    outer loop
      vertex -32.8246 17.9235 35
      vertex -30.892 16.3376 35
      vertex -31.1259 16.0223 35
    endloop
  endfacet
  facet normal 0 0 -1
    outer loop
      vertex -33.2045 17.4112 35
      vertex -31.1259 16.0223 35
      vertex -31.3277 15.6856 35
    endloop
  endfacet
  facet normal 0 0 -1
    outer loop
      vertex -30.0223 17.1259 35
      vertex -31.4112 19.2045 35
      vertex -30.8641 19.5325 35
    endloop
  endfacet
  facet normal 0 0 -1
    outer loop
      vertex -33.5325 16.8641 35
      vertex -31.3277 15.6856 35
      vertex -31.4955 15.3307 35
    endloop
  endfacet
  facet normal 0 0 -1
    outer loop
      vertex -33.8052 16.2874 35
      vertex -31.4955 15.3307 35
      vertex -31.6277 14.9611 35
    endloop
  endfacet
  facet normal 0 0 -1
    outer loop
      vertex -34.0201 15.6868 35
      vertex -31.6277 14.9611 35
      vertex -31.7231 14.5804 35
    endloop
  endfacet
  facet normal 0 0 -1
    outer loop
      vertex -34.1751 15.0681 35
      vertex -31.7231 14.5804 35
      vertex -31.7807 14.1921 35
    endloop
  endfacet
  facet normal 0 0 -1
    outer loop
      vertex -30.3376 16.892 35
      vertex -31.9235 18.8246 35
      vertex -31.4112 19.2045 35
    endloop
  endfacet
  facet normal 0 0 -1
    outer loop
      vertex -34.2687 14.4371 35
      vertex -31.7807 14.1921 35
      vertex -31.8 13.8 35
    endloop
  endfacet
  facet normal 0 0 -1
    outer loop
      vertex -31.8 -13.8 35
      vertex -34.3 -13.8 35
      vertex -31.8 13.8 35
    endloop
  endfacet
  facet normal -0 0 -1
    outer loop
      vertex -31.4955 -15.3307 35
      vertex -33.8052 -16.2874 35
      vertex -31.6277 -14.9611 35
    endloop
  endfacet
  facet normal 0 0 -1
    outer loop
      vertex -34.3 13.8 35
      vertex -31.8 13.8 35
      vertex -34.3 -13.8 35
    endloop
  endfacet
  facet normal 0 0 -1
    outer loop
      vertex -34.0201 -15.6868 35
      vertex -31.6277 -14.9611 35
      vertex -33.8052 -16.2874 35
    endloop
  endfacet
  facet normal 0 -0 -1
    outer loop
      vertex -34.2687 14.4371 35
      vertex -31.8 13.8 35
      vertex -34.3 13.8 35
    endloop
  endfacet
  facet normal -0 0 -1
    outer loop
      vertex -31.6277 -14.9611 35
      vertex -34.0201 -15.6868 35
      vertex -31.7231 -14.5804 35
    endloop
  endfacet
  facet normal 0 0 -1
    outer loop
      vertex -30.6284 16.6284 35
      vertex -32.3962 18.3962 35
      vertex -31.9235 18.8246 35
    endloop
  endfacet
  facet normal 0 0 -1
    outer loop
      vertex -34.1751 -15.0681 35
      vertex -31.7231 -14.5804 35
      vertex -34.0201 -15.6868 35
    endloop
  endfacet
  facet normal 0 0 -1
    outer loop
      vertex -30.892 16.3376 35
      vertex -32.8246 17.9235 35
      vertex -32.3962 18.3962 35
    endloop
  endfacet
  facet normal -0 0 -1
    outer loop
      vertex -31.7231 -14.5804 35
      vertex -34.1751 -15.0681 35
      vertex -31.7807 -14.1921 35
    endloop
  endfacet
  facet normal 0 0 -1
    outer loop
      vertex -31.1259 16.0223 35
      vertex -33.2045 17.4112 35
      vertex -32.8246 17.9235 35
    endloop
  endfacet
  facet normal 0 0 -1
    outer loop
      vertex -34.2687 -14.4371 35
      vertex -31.7807 -14.1921 35
      vertex -34.1751 -15.0681 35
    endloop
  endfacet
  facet normal 0 0 -1
    outer loop
      vertex -31.3277 15.6856 35
      vertex -33.5325 16.8641 35
      vertex -33.2045 17.4112 35
    endloop
  endfacet
  facet normal -0 0 -1
    outer loop
      vertex -31.7807 -14.1921 35
      vertex -34.2687 -14.4371 35
      vertex -31.8 -13.8 35
    endloop
  endfacet
  facet normal 0 0 -1
    outer loop
      vertex -31.4955 15.3307 35
      vertex -33.8052 16.2874 35
      vertex -33.5325 16.8641 35
    endloop
  endfacet
  facet normal -0 0 -1
    outer loop
      vertex -31.8 -13.8 35
      vertex -34.2687 -14.4371 35
      vertex -34.3 -13.8 35
    endloop
  endfacet
  facet normal 0 0 -1
    outer loop
      vertex -31.6277 14.9611 35
      vertex -34.0201 15.6868 35
      vertex -33.8052 16.2874 35
    endloop
  endfacet
  facet normal 0 0 -1
    outer loop
      vertex -31.7231 14.5804 35
      vertex -34.1751 15.0681 35
      vertex -34.0201 15.6868 35
    endloop
  endfacet
  facet normal 0 0 -1
    outer loop
      vertex -31.7807 14.1921 35
      vertex -34.2687 14.4371 35
      vertex -34.1751 15.0681 35
    endloop
  endfacet
  facet normal 0.0490697 -0.998795 0
    outer loop
      vertex 27.8 -20.3 35
      vertex 28.4371 -20.2687 43
      vertex 27.8 -20.3 43
    endloop
  endfacet
  facet normal 0.0490697 -0.998795 0
    outer loop
      vertex 28.4371 -20.2687 43
      vertex 27.8 -20.3 35
      vertex 28.4371 -20.2687 35
    endloop
  endfacet
  facet normal -0.941543 0.336892 0
    outer loop
      vertex -34.0201 15.6868 35
      vertex -33.8052 16.2874 43
      vertex -33.8052 16.2874 35
    endloop
  endfacet
  facet normal -0.941543 0.336892 0
    outer loop
      vertex -33.8052 16.2874 43
      vertex -34.0201 15.6868 35
      vertex -34.0201 15.6868 43
    endloop
  endfacet
  facet normal -0.740975 -0.671533 0
    outer loop
      vertex -32.3962 -18.3962 35
      vertex -32.8246 -17.9235 43
      vertex -32.8246 -17.9235 35
    endloop
  endfacet
  facet normal -0.740975 -0.671533 0
    outer loop
      vertex -32.8246 -17.9235 43
      vertex -32.3962 -18.3962 35
      vertex -32.3962 -18.3962 43
    endloop
  endfacet
  facet normal -0.514196 -0.857673 0
    outer loop
      vertex -31.4112 -19.2045 35
      vertex -30.8641 -19.5325 43
      vertex -31.4112 -19.2045 43
    endloop
  endfacet
  facet normal -0.514196 -0.857673 -0
    outer loop
      vertex -30.8641 -19.5325 43
      vertex -31.4112 -19.2045 35
      vertex -30.8641 -19.5325 35
    endloop
  endfacet
  facet normal -0.0490697 -0.998795 0
    outer loop
      vertex -28.4371 -20.2687 35
      vertex -27.8 -20.3 43
      vertex -28.4371 -20.2687 43
    endloop
  endfacet
  facet normal -0.0490697 -0.998795 -0
    outer loop
      vertex -27.8 -20.3 43
      vertex -28.4371 -20.2687 35
      vertex -27.8 -20.3 35
    endloop
  endfacet
  facet normal 0 1 -0
    outer loop
      vertex 27.8 20.3 35
      vertex -27.8 20.3 43
      vertex 27.8 20.3 43
    endloop
  endfacet
  facet normal 0 1 0
    outer loop
      vertex -27.8 20.3 43
      vertex 27.8 20.3 35
      vertex -27.8 20.3 35
    endloop
  endfacet
  facet normal 0.740975 -0.671533 0
    outer loop
      vertex 32.3962 -18.3962 43
      vertex 32.8246 -17.9235 35
      vertex 32.8246 -17.9235 43
    endloop
  endfacet
  facet normal 0.740975 -0.671533 0
    outer loop
      vertex 32.8246 -17.9235 35
      vertex 32.3962 -18.3962 43
      vertex 32.3962 -18.3962 35
    endloop
  endfacet
  facet normal -0.14673 0.989177 0
    outer loop
      vertex -28.4371 20.2687 35
      vertex -29.0681 20.1751 43
      vertex -28.4371 20.2687 43
    endloop
  endfacet
  facet normal -0.14673 0.989177 0
    outer loop
      vertex -29.0681 20.1751 43
      vertex -28.4371 20.2687 35
      vertex -29.0681 20.1751 35
    endloop
  endfacet
  facet normal -0.42748 0.904025 0
    outer loop
      vertex -30.2874 19.8052 35
      vertex -30.8641 19.5325 43
      vertex -30.2874 19.8052 43
    endloop
  endfacet
  facet normal -0.42748 0.904025 0
    outer loop
      vertex -30.8641 19.5325 43
      vertex -30.2874 19.8052 35
      vertex -30.8641 19.5325 35
    endloop
  endfacet
  facet normal 0 -1 0
    outer loop
      vertex -27.8 -20.3 35
      vertex 27.8 -20.3 43
      vertex -27.8 -20.3 43
    endloop
  endfacet
  facet normal 0 -1 -0
    outer loop
      vertex 27.8 -20.3 43
      vertex -27.8 -20.3 35
      vertex 27.8 -20.3 35
    endloop
  endfacet
  facet normal 0.740975 0.671533 0
    outer loop
      vertex 32.8246 17.9235 43
      vertex 32.3962 18.3962 35
      vertex 32.3962 18.3962 43
    endloop
  endfacet
  facet normal 0.740975 0.671533 0
    outer loop
      vertex 32.3962 18.3962 35
      vertex 32.8246 17.9235 43
      vertex 32.8246 17.9235 35
    endloop
  endfacet
  facet normal 0.0490697 0.998795 -0
    outer loop
      vertex 28.4371 20.2687 35
      vertex 27.8 20.3 43
      vertex 28.4371 20.2687 43
    endloop
  endfacet
  facet normal 0.0490697 0.998795 0
    outer loop
      vertex 27.8 20.3 43
      vertex 28.4371 20.2687 35
      vertex 27.8 20.3 35
    endloop
  endfacet
  facet normal -0.595651 -0.803243 0
    outer loop
      vertex -31.9235 -18.8246 35
      vertex -31.4112 -19.2045 43
      vertex -31.9235 -18.8246 43
    endloop
  endfacet
  facet normal -0.595651 -0.803243 -0
    outer loop
      vertex -31.4112 -19.2045 43
      vertex -31.9235 -18.8246 35
      vertex -31.4112 -19.2045 35
    endloop
  endfacet
  facet normal -0.0490697 0.998795 0
    outer loop
      vertex -27.8 20.3 35
      vertex -28.4371 20.2687 43
      vertex -27.8 20.3 43
    endloop
  endfacet
  facet normal -0.0490697 0.998795 0
    outer loop
      vertex -28.4371 20.2687 43
      vertex -27.8 20.3 35
      vertex -28.4371 20.2687 35
    endloop
  endfacet
  facet normal 0.42748 0.904025 -0
    outer loop
      vertex 30.8641 19.5325 35
      vertex 30.2874 19.8052 43
      vertex 30.8641 19.5325 43
    endloop
  endfacet
  facet normal 0.42748 0.904025 0
    outer loop
      vertex 30.2874 19.8052 43
      vertex 30.8641 19.5325 35
      vertex 30.2874 19.8052 35
    endloop
  endfacet
  facet normal -0.998795 -0.0490697 0
    outer loop
      vertex -34.2687 -14.4371 35
      vertex -34.3 -13.8 43
      vertex -34.3 -13.8 35
    endloop
  endfacet
  facet normal -0.998795 -0.0490697 0
    outer loop
      vertex -34.3 -13.8 43
      vertex -34.2687 -14.4371 35
      vertex -34.2687 -14.4371 43
    endloop
  endfacet
  facet normal 0.941543 0.336892 0
    outer loop
      vertex 34.0201 15.6868 43
      vertex 33.8052 16.2874 35
      vertex 33.8052 16.2874 43
    endloop
  endfacet
  facet normal 0.941543 0.336892 0
    outer loop
      vertex 33.8052 16.2874 35
      vertex 34.0201 15.6868 43
      vertex 34.0201 15.6868 35
    endloop
  endfacet
  facet normal 0.989177 0.14673 0
    outer loop
      vertex 34.2687 14.4371 43
      vertex 34.1751 15.0681 35
      vertex 34.1751 15.0681 43
    endloop
  endfacet
  facet normal 0.989177 0.14673 0
    outer loop
      vertex 34.1751 15.0681 35
      vertex 34.2687 14.4371 43
      vertex 34.2687 14.4371 35
    endloop
  endfacet
  facet normal -0.803243 -0.595651 0
    outer loop
      vertex -32.8246 -17.9235 35
      vertex -33.2045 -17.4112 43
      vertex -33.2045 -17.4112 35
    endloop
  endfacet
  facet normal -0.803243 -0.595651 0
    outer loop
      vertex -33.2045 -17.4112 43
      vertex -32.8246 -17.9235 35
      vertex -32.8246 -17.9235 43
    endloop
  endfacet
  facet normal -0.243015 -0.970022 0
    outer loop
      vertex -29.6868 -20.0201 35
      vertex -29.0681 -20.1751 43
      vertex -29.6868 -20.0201 43
    endloop
  endfacet
  facet normal -0.243015 -0.970022 -0
    outer loop
      vertex -29.0681 -20.1751 43
      vertex -29.6868 -20.0201 35
      vertex -29.0681 -20.1751 35
    endloop
  endfacet
  facet normal 0.857673 0.514196 0
    outer loop
      vertex 33.5325 16.8641 43
      vertex 33.2045 17.4112 35
      vertex 33.2045 17.4112 43
    endloop
  endfacet
  facet normal 0.857673 0.514196 0
    outer loop
      vertex 33.2045 17.4112 35
      vertex 33.5325 16.8641 43
      vertex 33.5325 16.8641 35
    endloop
  endfacet
  facet normal -0.803243 0.595651 0
    outer loop
      vertex -33.2045 17.4112 35
      vertex -32.8246 17.9235 43
      vertex -32.8246 17.9235 35
    endloop
  endfacet
  facet normal -0.803243 0.595651 0
    outer loop
      vertex -32.8246 17.9235 43
      vertex -33.2045 17.4112 35
      vertex -33.2045 17.4112 43
    endloop
  endfacet
  facet normal -0.42748 -0.904025 0
    outer loop
      vertex -30.8641 -19.5325 35
      vertex -30.2874 -19.8052 43
      vertex -30.8641 -19.5325 43
    endloop
  endfacet
  facet normal -0.42748 -0.904025 -0
    outer loop
      vertex -30.2874 -19.8052 43
      vertex -30.8641 -19.5325 35
      vertex -30.2874 -19.8052 35
    endloop
  endfacet
  facet normal -0.989177 0.14673 0
    outer loop
      vertex -34.2687 14.4371 35
      vertex -34.1751 15.0681 43
      vertex -34.1751 15.0681 35
    endloop
  endfacet
  facet normal -0.989177 0.14673 0
    outer loop
      vertex -34.1751 15.0681 43
      vertex -34.2687 14.4371 35
      vertex -34.2687 14.4371 43
    endloop
  endfacet
  facet normal 0.336892 0.941543 -0
    outer loop
      vertex 30.2874 19.8052 35
      vertex 29.6868 20.0201 43
      vertex 30.2874 19.8052 43
    endloop
  endfacet
  facet normal 0.336892 0.941543 0
    outer loop
      vertex 29.6868 20.0201 43
      vertex 30.2874 19.8052 35
      vertex 29.6868 20.0201 35
    endloop
  endfacet
  facet normal -0.14673 -0.989177 0
    outer loop
      vertex -29.0681 -20.1751 35
      vertex -28.4371 -20.2687 43
      vertex -29.0681 -20.1751 43
    endloop
  endfacet
  facet normal -0.14673 -0.989177 -0
    outer loop
      vertex -28.4371 -20.2687 43
      vertex -29.0681 -20.1751 35
      vertex -28.4371 -20.2687 35
    endloop
  endfacet
  facet normal -0.998795 0.0490697 0
    outer loop
      vertex -34.3 13.8 35
      vertex -34.2687 14.4371 43
      vertex -34.2687 14.4371 35
    endloop
  endfacet
  facet normal -0.998795 0.0490697 0
    outer loop
      vertex -34.2687 14.4371 43
      vertex -34.3 13.8 35
      vertex -34.3 13.8 43
    endloop
  endfacet
  facet normal -0.970022 0.243015 0
    outer loop
      vertex -34.1751 15.0681 35
      vertex -34.0201 15.6868 43
      vertex -34.0201 15.6868 35
    endloop
  endfacet
  facet normal -0.970022 0.243015 0
    outer loop
      vertex -34.0201 15.6868 43
      vertex -34.1751 15.0681 35
      vertex -34.1751 15.0681 43
    endloop
  endfacet
  facet normal -0.671533 0.740975 0
    outer loop
      vertex -31.9235 18.8246 35
      vertex -32.3962 18.3962 43
      vertex -31.9235 18.8246 43
    endloop
  endfacet
  facet normal -0.671533 0.740975 0
    outer loop
      vertex -32.3962 18.3962 43
      vertex -31.9235 18.8246 35
      vertex -32.3962 18.3962 35
    endloop
  endfacet
  facet normal -0.740975 0.671533 0
    outer loop
      vertex -32.8246 17.9235 35
      vertex -32.3962 18.3962 43
      vertex -32.3962 18.3962 35
    endloop
  endfacet
  facet normal -0.740975 0.671533 0
    outer loop
      vertex -32.3962 18.3962 43
      vertex -32.8246 17.9235 35
      vertex -32.8246 17.9235 43
    endloop
  endfacet
  facet normal 0.803243 0.595651 0
    outer loop
      vertex 33.2045 17.4112 43
      vertex 32.8246 17.9235 35
      vertex 32.8246 17.9235 43
    endloop
  endfacet
  facet normal 0.803243 0.595651 0
    outer loop
      vertex 32.8246 17.9235 35
      vertex 33.2045 17.4112 43
      vertex 33.2045 17.4112 35
    endloop
  endfacet
  facet normal 0.998795 0.0490697 0
    outer loop
      vertex 34.3 13.8 43
      vertex 34.2687 14.4371 35
      vertex 34.2687 14.4371 43
    endloop
  endfacet
  facet normal 0.998795 0.0490697 0
    outer loop
      vertex 34.2687 14.4371 35
      vertex 34.3 13.8 43
      vertex 34.3 13.8 35
    endloop
  endfacet
  facet normal -0.671533 -0.740975 0
    outer loop
      vertex -32.3962 -18.3962 35
      vertex -31.9235 -18.8246 43
      vertex -32.3962 -18.3962 43
    endloop
  endfacet
  facet normal -0.671533 -0.740975 -0
    outer loop
      vertex -31.9235 -18.8246 43
      vertex -32.3962 -18.3962 35
      vertex -31.9235 -18.8246 35
    endloop
  endfacet
  facet normal 0.998795 -0.0490697 0
    outer loop
      vertex 34.2687 -14.4371 43
      vertex 34.3 -13.8 35
      vertex 34.3 -13.8 43
    endloop
  endfacet
  facet normal 0.998795 -0.0490697 0
    outer loop
      vertex 34.3 -13.8 35
      vertex 34.2687 -14.4371 43
      vertex 34.2687 -14.4371 35
    endloop
  endfacet
  facet normal -0.336892 -0.941543 0
    outer loop
      vertex -30.2874 -19.8052 35
      vertex -29.6868 -20.0201 43
      vertex -30.2874 -19.8052 43
    endloop
  endfacet
  facet normal -0.336892 -0.941543 -0
    outer loop
      vertex -29.6868 -20.0201 43
      vertex -30.2874 -19.8052 35
      vertex -29.6868 -20.0201 35
    endloop
  endfacet
  facet normal 0.514196 0.857673 -0
    outer loop
      vertex 31.4112 19.2045 35
      vertex 30.8641 19.5325 43
      vertex 31.4112 19.2045 43
    endloop
  endfacet
  facet normal 0.514196 0.857673 0
    outer loop
      vertex 30.8641 19.5325 43
      vertex 31.4112 19.2045 35
      vertex 30.8641 19.5325 35
    endloop
  endfacet
  facet normal -0.941543 -0.336892 0
    outer loop
      vertex -33.8052 -16.2874 35
      vertex -34.0201 -15.6868 43
      vertex -34.0201 -15.6868 35
    endloop
  endfacet
  facet normal -0.941543 -0.336892 0
    outer loop
      vertex -34.0201 -15.6868 43
      vertex -33.8052 -16.2874 35
      vertex -33.8052 -16.2874 43
    endloop
  endfacet
  facet normal 0.14673 -0.989177 0
    outer loop
      vertex 28.4371 -20.2687 35
      vertex 29.0681 -20.1751 43
      vertex 28.4371 -20.2687 43
    endloop
  endfacet
  facet normal 0.14673 -0.989177 0
    outer loop
      vertex 29.0681 -20.1751 43
      vertex 28.4371 -20.2687 35
      vertex 29.0681 -20.1751 35
    endloop
  endfacet
  facet normal -1 0 0
    outer loop
      vertex -34.3 -13.8 35
      vertex -34.3 13.8 43
      vertex -34.3 13.8 35
    endloop
  endfacet
  facet normal -1 -0 0
    outer loop
      vertex -34.3 13.8 43
      vertex -34.3 -13.8 35
      vertex -34.3 -13.8 43
    endloop
  endfacet
  facet normal -0.595651 0.803243 0
    outer loop
      vertex -31.4112 19.2045 35
      vertex -31.9235 18.8246 43
      vertex -31.4112 19.2045 43
    endloop
  endfacet
  facet normal -0.595651 0.803243 0
    outer loop
      vertex -31.9235 18.8246 43
      vertex -31.4112 19.2045 35
      vertex -31.9235 18.8246 35
    endloop
  endfacet
  facet normal 0.42748 -0.904025 0
    outer loop
      vertex 30.2874 -19.8052 35
      vertex 30.8641 -19.5325 43
      vertex 30.2874 -19.8052 43
    endloop
  endfacet
  facet normal 0.42748 -0.904025 0
    outer loop
      vertex 30.8641 -19.5325 43
      vertex 30.2874 -19.8052 35
      vertex 30.8641 -19.5325 35
    endloop
  endfacet
  facet normal 0.595651 -0.803243 0
    outer loop
      vertex 31.4112 -19.2045 35
      vertex 31.9235 -18.8246 43
      vertex 31.4112 -19.2045 43
    endloop
  endfacet
  facet normal 0.595651 -0.803243 0
    outer loop
      vertex 31.9235 -18.8246 43
      vertex 31.4112 -19.2045 35
      vertex 31.9235 -18.8246 35
    endloop
  endfacet
  facet normal -0.243015 0.970022 0
    outer loop
      vertex -29.0681 20.1751 35
      vertex -29.6868 20.0201 43
      vertex -29.0681 20.1751 43
    endloop
  endfacet
  facet normal -0.243015 0.970022 0
    outer loop
      vertex -29.6868 20.0201 43
      vertex -29.0681 20.1751 35
      vertex -29.6868 20.0201 35
    endloop
  endfacet
  facet normal 0.671533 -0.740975 0
    outer loop
      vertex 31.9235 -18.8246 35
      vertex 32.3962 -18.3962 43
      vertex 31.9235 -18.8246 43
    endloop
  endfacet
  facet normal 0.671533 -0.740975 0
    outer loop
      vertex 32.3962 -18.3962 43
      vertex 31.9235 -18.8246 35
      vertex 32.3962 -18.3962 35
    endloop
  endfacet
  facet normal 0.243015 0.970022 -0
    outer loop
      vertex 29.6868 20.0201 35
      vertex 29.0681 20.1751 43
      vertex 29.6868 20.0201 43
    endloop
  endfacet
  facet normal 0.243015 0.970022 0
    outer loop
      vertex 29.0681 20.1751 43
      vertex 29.6868 20.0201 35
      vertex 29.0681 20.1751 35
    endloop
  endfacet
  facet normal 0.14673 0.989177 -0
    outer loop
      vertex 29.0681 20.1751 35
      vertex 28.4371 20.2687 43
      vertex 29.0681 20.1751 43
    endloop
  endfacet
  facet normal 0.14673 0.989177 0
    outer loop
      vertex 28.4371 20.2687 43
      vertex 29.0681 20.1751 35
      vertex 28.4371 20.2687 35
    endloop
  endfacet
  facet normal -0.336892 0.941543 0
    outer loop
      vertex -29.6868 20.0201 35
      vertex -30.2874 19.8052 43
      vertex -29.6868 20.0201 43
    endloop
  endfacet
  facet normal -0.336892 0.941543 0
    outer loop
      vertex -30.2874 19.8052 43
      vertex -29.6868 20.0201 35
      vertex -30.2874 19.8052 35
    endloop
  endfacet
  facet normal 0.514196 -0.857673 0
    outer loop
      vertex 30.8641 -19.5325 35
      vertex 31.4112 -19.2045 43
      vertex 30.8641 -19.5325 43
    endloop
  endfacet
  facet normal 0.514196 -0.857673 0
    outer loop
      vertex 31.4112 -19.2045 43
      vertex 30.8641 -19.5325 35
      vertex 31.4112 -19.2045 35
    endloop
  endfacet
  facet normal 0.970022 -0.243015 0
    outer loop
      vertex 34.0201 -15.6868 43
      vertex 34.1751 -15.0681 35
      vertex 34.1751 -15.0681 43
    endloop
  endfacet
  facet normal 0.970022 -0.243015 0
    outer loop
      vertex 34.1751 -15.0681 35
      vertex 34.0201 -15.6868 43
      vertex 34.0201 -15.6868 35
    endloop
  endfacet
  facet normal 0.803243 -0.595651 0
    outer loop
      vertex 32.8246 -17.9235 43
      vertex 33.2045 -17.4112 35
      vertex 33.2045 -17.4112 43
    endloop
  endfacet
  facet normal 0.803243 -0.595651 0
    outer loop
      vertex 33.2045 -17.4112 35
      vertex 32.8246 -17.9235 43
      vertex 32.8246 -17.9235 35
    endloop
  endfacet
  facet normal -0.989177 -0.14673 0
    outer loop
      vertex -34.1751 -15.0681 35
      vertex -34.2687 -14.4371 43
      vertex -34.2687 -14.4371 35
    endloop
  endfacet
  facet normal -0.989177 -0.14673 0
    outer loop
      vertex -34.2687 -14.4371 43
      vertex -34.1751 -15.0681 35
      vertex -34.1751 -15.0681 43
    endloop
  endfacet
  facet normal -0.970022 -0.243015 0
    outer loop
      vertex -34.0201 -15.6868 35
      vertex -34.1751 -15.0681 43
      vertex -34.1751 -15.0681 35
    endloop
  endfacet
  facet normal -0.970022 -0.243015 0
    outer loop
      vertex -34.1751 -15.0681 43
      vertex -34.0201 -15.6868 35
      vertex -34.0201 -15.6868 43
    endloop
  endfacet
  facet normal -0.514196 0.857673 0
    outer loop
      vertex -30.8641 19.5325 35
      vertex -31.4112 19.2045 43
      vertex -30.8641 19.5325 43
    endloop
  endfacet
  facet normal -0.514196 0.857673 0
    outer loop
      vertex -31.4112 19.2045 43
      vertex -30.8641 19.5325 35
      vertex -31.4112 19.2045 35
    endloop
  endfacet
  facet normal -0.857673 -0.514196 0
    outer loop
      vertex -33.2045 -17.4112 35
      vertex -33.5325 -16.8641 43
      vertex -33.5325 -16.8641 35
    endloop
  endfacet
  facet normal -0.857673 -0.514196 0
    outer loop
      vertex -33.5325 -16.8641 43
      vertex -33.2045 -17.4112 35
      vertex -33.2045 -17.4112 43
    endloop
  endfacet
  facet normal 0.989177 -0.14673 0
    outer loop
      vertex 34.1751 -15.0681 43
      vertex 34.2687 -14.4371 35
      vertex 34.2687 -14.4371 43
    endloop
  endfacet
  facet normal 0.989177 -0.14673 0
    outer loop
      vertex 34.2687 -14.4371 35
      vertex 34.1751 -15.0681 43
      vertex 34.1751 -15.0681 35
    endloop
  endfacet
  facet normal 0 0 1
    outer loop
      vertex 27.8 20.3 43
      vertex 34.3 13.8 43
      vertex 34.2687 14.4371 43
    endloop
  endfacet
  facet normal 0 0 1
    outer loop
      vertex 34.3 13.8 43
      vertex 19.25 4.25 43
      vertex 34.3 -13.8 43
    endloop
  endfacet
  facet normal 0 0 1
    outer loop
      vertex 27.8 20.3 43
      vertex 34.2687 14.4371 43
      vertex 34.1751 15.0681 43
    endloop
  endfacet
  facet normal -0 0 1
    outer loop
      vertex 19.25 -4.25 43
      vertex 34.3 -13.8 43
      vertex 19.25 4.25 43
    endloop
  endfacet
  facet normal 0 0 1
    outer loop
      vertex 27.8 20.3 43
      vertex 34.1751 15.0681 43
      vertex 34.0201 15.6868 43
    endloop
  endfacet
  facet normal -0 0 1
    outer loop
      vertex 19.2355 -4.54405 43
      vertex 34.3 -13.8 43
      vertex 19.25 -4.25 43
    endloop
  endfacet
  facet normal 0 0 1
    outer loop
      vertex 27.8 20.3 43
      vertex 34.0201 15.6868 43
      vertex 33.8052 16.2874 43
    endloop
  endfacet
  facet normal -0 0 1
    outer loop
      vertex 19.1924 -4.83527 43
      vertex 34.3 -13.8 43
      vertex 19.2355 -4.54405 43
    endloop
  endfacet
  facet normal 0 0 1
    outer loop
      vertex 27.8 20.3 43
      vertex 33.8052 16.2874 43
      vertex 33.5325 16.8641 43
    endloop
  endfacet
  facet normal -0 0 1
    outer loop
      vertex 19.1208 -5.12085 43
      vertex 34.3 -13.8 43
      vertex 19.1924 -4.83527 43
    endloop
  endfacet
  facet normal 0 0 1
    outer loop
      vertex 27.8 20.3 43
      vertex 33.5325 16.8641 43
      vertex 33.2045 17.4112 43
    endloop
  endfacet
  facet normal -0 0 1
    outer loop
      vertex 19.0216 -5.39806 43
      vertex 34.3 -13.8 43
      vertex 19.1208 -5.12085 43
    endloop
  endfacet
  facet normal 0 0 1
    outer loop
      vertex 27.8 20.3 43
      vertex 33.2045 17.4112 43
      vertex 32.8246 17.9235 43
    endloop
  endfacet
  facet normal -0 0 1
    outer loop
      vertex 18.8958 -5.66418 43
      vertex 34.3 -13.8 43
      vertex 19.0216 -5.39806 43
    endloop
  endfacet
  facet normal 0 0 1
    outer loop
      vertex 27.8 20.3 43
      vertex 32.8246 17.9235 43
      vertex 32.3962 18.3962 43
    endloop
  endfacet
  facet normal -0 0 1
    outer loop
      vertex 18.7444 -5.91672 43
      vertex 34.3 -13.8 43
      vertex 18.8958 -5.66418 43
    endloop
  endfacet
  facet normal 0 0 1
    outer loop
      vertex 27.8 20.3 43
      vertex 32.3962 18.3962 43
      vertex 31.9235 18.8246 43
    endloop
  endfacet
  facet normal -0 0 1
    outer loop
      vertex 18.569 -6.15318 43
      vertex 34.3 -13.8 43
      vertex 18.7444 -5.91672 43
    endloop
  endfacet
  facet normal 0 0 1
    outer loop
      vertex 27.8 20.3 43
      vertex 31.9235 18.8246 43
      vertex 31.4112 19.2045 43
    endloop
  endfacet
  facet normal 0 -0 1
    outer loop
      vertex 27.8 -20.3 43
      vertex 34.3 -13.8 43
      vertex 18.569 -6.15318 43
    endloop
  endfacet
  facet normal 0 0 1
    outer loop
      vertex 27.8 20.3 43
      vertex 31.4112 19.2045 43
      vertex 30.8641 19.5325 43
    endloop
  endfacet
  facet normal 0 0 1
    outer loop
      vertex 34.2687 -14.4371 43
      vertex 27.8 -20.3 43
      vertex 34.1751 -15.0681 43
    endloop
  endfacet
  facet normal 0 0 1
    outer loop
      vertex 27.8 20.3 43
      vertex 30.8641 19.5325 43
      vertex 30.2874 19.8052 43
    endloop
  endfacet
  facet normal 0 0 1
    outer loop
      vertex 34.1751 -15.0681 43
      vertex 27.8 -20.3 43
      vertex 34.0201 -15.6868 43
    endloop
  endfacet
  facet normal 0 0 1
    outer loop
      vertex 27.8 20.3 43
      vertex 30.2874 19.8052 43
      vertex 29.6868 20.0201 43
    endloop
  endfacet
  facet normal 0 0 1
    outer loop
      vertex 34.0201 -15.6868 43
      vertex 27.8 -20.3 43
      vertex 33.8052 -16.2874 43
    endloop
  endfacet
  facet normal 0 0 1
    outer loop
      vertex 27.8 20.3 43
      vertex 29.6868 20.0201 43
      vertex 29.0681 20.1751 43
    endloop
  endfacet
  facet normal 0 0 1
    outer loop
      vertex 33.8052 -16.2874 43
      vertex 27.8 -20.3 43
      vertex 33.5325 -16.8641 43
    endloop
  endfacet
  facet normal 0 0 1
    outer loop
      vertex 27.8 20.3 43
      vertex 29.0681 20.1751 43
      vertex 28.4371 20.2687 43
    endloop
  endfacet
  facet normal 0 0 1
    outer loop
      vertex 33.5325 -16.8641 43
      vertex 27.8 -20.3 43
      vertex 33.2045 -17.4112 43
    endloop
  endfacet
  facet normal 0 0 1
    outer loop
      vertex 34.3 13.8 43
      vertex 27.8 20.3 43
      vertex 18.569 6.15318 43
    endloop
  endfacet
  facet normal 0 0 1
    outer loop
      vertex 33.2045 -17.4112 43
      vertex 27.8 -20.3 43
      vertex 32.8246 -17.9235 43
    endloop
  endfacet
  facet normal 0 0 1
    outer loop
      vertex 32.8246 -17.9235 43
      vertex 27.8 -20.3 43
      vertex 32.3962 -18.3962 43
    endloop
  endfacet
  facet normal 0 0 1
    outer loop
      vertex 34.3 13.8 43
      vertex 19.2355 4.54405 43
      vertex 19.25 4.25 43
    endloop
  endfacet
  facet normal 0 0 1
    outer loop
      vertex 34.3 13.8 43
      vertex 19.1924 4.83527 43
      vertex 19.2355 4.54405 43
    endloop
  endfacet
  facet normal 0 0 1
    outer loop
      vertex 34.3 13.8 43
      vertex 19.1208 5.12085 43
      vertex 19.1924 4.83527 43
    endloop
  endfacet
  facet normal 0 0 1
    outer loop
      vertex 34.3 13.8 43
      vertex 19.0216 5.39806 43
      vertex 19.1208 5.12085 43
    endloop
  endfacet
  facet normal 0 0 1
    outer loop
      vertex 34.3 13.8 43
      vertex 18.8958 5.66418 43
      vertex 19.0216 5.39806 43
    endloop
  endfacet
  facet normal 0 0 1
    outer loop
      vertex 34.3 13.8 43
      vertex 18.7444 5.91672 43
      vertex 18.8958 5.66418 43
    endloop
  endfacet
  facet normal 0 0 1
    outer loop
      vertex 34.3 13.8 43
      vertex 18.569 6.15318 43
      vertex 18.7444 5.91672 43
    endloop
  endfacet
  facet normal 0 0 1
    outer loop
      vertex 27.8 20.3 43
      vertex 18.3713 6.37132 43
      vertex 18.569 6.15318 43
    endloop
  endfacet
  facet normal 0 0 1
    outer loop
      vertex 27.8 20.3 43
      vertex 18.1532 6.56903 43
      vertex 18.3713 6.37132 43
    endloop
  endfacet
  facet normal 0 0 1
    outer loop
      vertex 27.8 20.3 43
      vertex 17.9167 6.74442 43
      vertex 18.1532 6.56903 43
    endloop
  endfacet
  facet normal 0 0 1
    outer loop
      vertex 27.8 20.3 43
      vertex 17.6642 6.89577 43
      vertex 17.9167 6.74442 43
    endloop
  endfacet
  facet normal 0 0 1
    outer loop
      vertex 27.8 20.3 43
      vertex 17.3981 7.02164 43
      vertex 17.6642 6.89577 43
    endloop
  endfacet
  facet normal 0 0 1
    outer loop
      vertex 27.8 20.3 43
      vertex 17.1208 7.12082 43
      vertex 17.3981 7.02164 43
    endloop
  endfacet
  facet normal 0 0 1
    outer loop
      vertex 27.8 20.3 43
      vertex 16.8353 7.19235 43
      vertex 17.1208 7.12082 43
    endloop
  endfacet
  facet normal 0 0 1
    outer loop
      vertex 27.8 20.3 43
      vertex 16.5441 7.23555 43
      vertex 16.8353 7.19235 43
    endloop
  endfacet
  facet normal 0 0 1
    outer loop
      vertex 27.8 20.3 43
      vertex 16.25 7.25 43
      vertex 16.5441 7.23555 43
    endloop
  endfacet
  facet normal 0 0 1
    outer loop
      vertex 27.8 20.3 43
      vertex -16.25 7.25 43
      vertex 16.25 7.25 43
    endloop
  endfacet
  facet normal -0 0 1
    outer loop
      vertex -27.8 20.3 43
      vertex -16.25 7.25 43
      vertex 27.8 20.3 43
    endloop
  endfacet
  facet normal 0 0 1
    outer loop
      vertex -16.25 7.25 43
      vertex -27.8 20.3 43
      vertex -16.5441 7.23555 43
    endloop
  endfacet
  facet normal 0 0 1
    outer loop
      vertex -16.5441 7.23555 43
      vertex -27.8 20.3 43
      vertex -16.8353 7.19235 43
    endloop
  endfacet
  facet normal 0 0 1
    outer loop
      vertex -19.2355 4.54405 43
      vertex -34.3 13.8 43
      vertex -19.25 4.25 43
    endloop
  endfacet
  facet normal 0 0 1
    outer loop
      vertex -19.1924 4.83527 43
      vertex -34.3 13.8 43
      vertex -19.2355 4.54405 43
    endloop
  endfacet
  facet normal 0 0 1
    outer loop
      vertex -19.1208 5.12085 43
      vertex -34.3 13.8 43
      vertex -19.1924 4.83527 43
    endloop
  endfacet
  facet normal 0 0 1
    outer loop
      vertex -19.0216 5.39806 43
      vertex -34.3 13.8 43
      vertex -19.1208 5.12085 43
    endloop
  endfacet
  facet normal 0 0 1
    outer loop
      vertex -18.8958 5.66418 43
      vertex -34.3 13.8 43
      vertex -19.0216 5.39806 43
    endloop
  endfacet
  facet normal 0 0 1
    outer loop
      vertex -18.7444 5.91672 43
      vertex -34.3 13.8 43
      vertex -18.8958 5.66418 43
    endloop
  endfacet
  facet normal 0 0 1
    outer loop
      vertex -18.569 6.15318 43
      vertex -34.3 13.8 43
      vertex -18.7444 5.91672 43
    endloop
  endfacet
  facet normal -0 0 1
    outer loop
      vertex -34.3 13.8 43
      vertex -18.569 6.15318 43
      vertex -27.8 20.3 43
    endloop
  endfacet
  facet normal 0 0 1
    outer loop
      vertex -18.3713 6.37132 43
      vertex -27.8 20.3 43
      vertex -18.569 6.15318 43
    endloop
  endfacet
  facet normal 0 0 1
    outer loop
      vertex -18.1532 6.56903 43
      vertex -27.8 20.3 43
      vertex -18.3713 6.37132 43
    endloop
  endfacet
  facet normal 0 0 1
    outer loop
      vertex -17.9167 6.74442 43
      vertex -27.8 20.3 43
      vertex -18.1532 6.56903 43
    endloop
  endfacet
  facet normal 0 0 1
    outer loop
      vertex -17.6642 6.89577 43
      vertex -27.8 20.3 43
      vertex -17.9167 6.74442 43
    endloop
  endfacet
  facet normal 0 0 1
    outer loop
      vertex -17.3981 7.02164 43
      vertex -27.8 20.3 43
      vertex -17.6642 6.89577 43
    endloop
  endfacet
  facet normal 0 0 1
    outer loop
      vertex -17.1208 7.12082 43
      vertex -27.8 20.3 43
      vertex -17.3981 7.02164 43
    endloop
  endfacet
  facet normal 0 0 1
    outer loop
      vertex -16.8353 7.19235 43
      vertex -27.8 20.3 43
      vertex -17.1208 7.12082 43
    endloop
  endfacet
  facet normal 0 0 1
    outer loop
      vertex 32.3962 -18.3962 43
      vertex 27.8 -20.3 43
      vertex 31.9235 -18.8246 43
    endloop
  endfacet
  facet normal 0 0 1
    outer loop
      vertex 31.4112 -19.2045 43
      vertex 27.8 -20.3 43
      vertex 30.8641 -19.5325 43
    endloop
  endfacet
  facet normal 0 0 1
    outer loop
      vertex 30.8641 -19.5325 43
      vertex 27.8 -20.3 43
      vertex 30.2874 -19.8052 43
    endloop
  endfacet
  facet normal 0 0 1
    outer loop
      vertex 30.2874 -19.8052 43
      vertex 27.8 -20.3 43
      vertex 29.6868 -20.0201 43
    endloop
  endfacet
  facet normal 0 0 1
    outer loop
      vertex 29.6868 -20.0201 43
      vertex 27.8 -20.3 43
      vertex 29.0681 -20.1751 43
    endloop
  endfacet
  facet normal 0 0 1
    outer loop
      vertex 29.0681 -20.1751 43
      vertex 27.8 -20.3 43
      vertex 28.4371 -20.2687 43
    endloop
  endfacet
  facet normal 0 0 1
    outer loop
      vertex 31.9235 -18.8246 43
      vertex 27.8 -20.3 43
      vertex 31.4112 -19.2045 43
    endloop
  endfacet
  facet normal 0 0 1
    outer loop
      vertex 34.3 -13.8 43
      vertex 27.8 -20.3 43
      vertex 34.2687 -14.4371 43
    endloop
  endfacet
  facet normal -0 0 1
    outer loop
      vertex 18.3713 -6.37132 43
      vertex 27.8 -20.3 43
      vertex 18.569 -6.15318 43
    endloop
  endfacet
  facet normal -0 0 1
    outer loop
      vertex 18.1532 -6.56903 43
      vertex 27.8 -20.3 43
      vertex 18.3713 -6.37132 43
    endloop
  endfacet
  facet normal -0 0 1
    outer loop
      vertex 17.9167 -6.74442 43
      vertex 27.8 -20.3 43
      vertex 18.1532 -6.56903 43
    endloop
  endfacet
  facet normal -0 0 1
    outer loop
      vertex 17.6642 -6.89577 43
      vertex 27.8 -20.3 43
      vertex 17.9167 -6.74442 43
    endloop
  endfacet
  facet normal -0 0 1
    outer loop
      vertex 17.3981 -7.02164 43
      vertex 27.8 -20.3 43
      vertex 17.6642 -6.89577 43
    endloop
  endfacet
  facet normal -0 0 1
    outer loop
      vertex 17.1208 -7.12082 43
      vertex 27.8 -20.3 43
      vertex 17.3981 -7.02164 43
    endloop
  endfacet
  facet normal -0 0 1
    outer loop
      vertex 16.8353 -7.19235 43
      vertex 27.8 -20.3 43
      vertex 17.1208 -7.12082 43
    endloop
  endfacet
  facet normal -0 0 1
    outer loop
      vertex 16.5441 -7.23555 43
      vertex 27.8 -20.3 43
      vertex 16.8353 -7.19235 43
    endloop
  endfacet
  facet normal -0 0 1
    outer loop
      vertex 16.25 -7.25 43
      vertex 27.8 -20.3 43
      vertex 16.5441 -7.23555 43
    endloop
  endfacet
  facet normal -0 0 1
    outer loop
      vertex -16.25 -7.25 43
      vertex 27.8 -20.3 43
      vertex 16.25 -7.25 43
    endloop
  endfacet
  facet normal 0 0 1
    outer loop
      vertex -27.8 -20.3 43
      vertex -16.25 -7.25 43
      vertex -16.5441 -7.23555 43
    endloop
  endfacet
  facet normal 0 0 1
    outer loop
      vertex -27.8 -20.3 43
      vertex -16.5441 -7.23555 43
      vertex -16.8353 -7.19235 43
    endloop
  endfacet
  facet normal 0 0 1
    outer loop
      vertex -27.8 -20.3 43
      vertex -16.8353 -7.19235 43
      vertex -17.1208 -7.12082 43
    endloop
  endfacet
  facet normal 0 0 1
    outer loop
      vertex -19.25 4.25 43
      vertex -34.3 13.8 43
      vertex -19.25 -4.25 43
    endloop
  endfacet
  facet normal 0 0 1
    outer loop
      vertex -34.3 -13.8 43
      vertex -19.25 -4.25 43
      vertex -34.3 13.8 43
    endloop
  endfacet
  facet normal 0 0 1
    outer loop
      vertex -19.25 -4.25 43
      vertex -34.3 -13.8 43
      vertex -19.2355 -4.54405 43
    endloop
  endfacet
  facet normal 0 0 1
    outer loop
      vertex -16.25 -7.25 43
      vertex -27.8 -20.3 43
      vertex 27.8 -20.3 43
    endloop
  endfacet
  facet normal 0 0 1
    outer loop
      vertex -17.3981 -7.02164 43
      vertex -27.8 -20.3 43
      vertex -17.1208 -7.12082 43
    endloop
  endfacet
  facet normal 0 0 1
    outer loop
      vertex -17.6642 -6.89577 43
      vertex -27.8 -20.3 43
      vertex -17.3981 -7.02164 43
    endloop
  endfacet
  facet normal 0 0 1
    outer loop
      vertex -17.9167 -6.74442 43
      vertex -27.8 -20.3 43
      vertex -17.6642 -6.89577 43
    endloop
  endfacet
  facet normal 0 0 1
    outer loop
      vertex -18.1532 -6.56903 43
      vertex -27.8 -20.3 43
      vertex -17.9167 -6.74442 43
    endloop
  endfacet
  facet normal 0 0 1
    outer loop
      vertex -18.3713 -6.37132 43
      vertex -27.8 -20.3 43
      vertex -18.1532 -6.56903 43
    endloop
  endfacet
  facet normal 0 0 1
    outer loop
      vertex -18.569 -6.15318 43
      vertex -27.8 -20.3 43
      vertex -18.3713 -6.37132 43
    endloop
  endfacet
  facet normal 0 0 1
    outer loop
      vertex -34.3 -13.8 43
      vertex -18.569 -6.15318 43
      vertex -18.7444 -5.91672 43
    endloop
  endfacet
  facet normal 0 0 1
    outer loop
      vertex -34.3 -13.8 43
      vertex -18.7444 -5.91672 43
      vertex -18.8958 -5.66418 43
    endloop
  endfacet
  facet normal 0 0 1
    outer loop
      vertex -34.3 -13.8 43
      vertex -18.8958 -5.66418 43
      vertex -19.0216 -5.39806 43
    endloop
  endfacet
  facet normal 0 0 1
    outer loop
      vertex -34.3 -13.8 43
      vertex -19.0216 -5.39806 43
      vertex -19.1208 -5.12085 43
    endloop
  endfacet
  facet normal 0 0 1
    outer loop
      vertex -19.2355 -4.54405 43
      vertex -34.3 -13.8 43
      vertex -19.1924 -4.83527 43
    endloop
  endfacet
  facet normal 0 0 1
    outer loop
      vertex -34.3 13.8 43
      vertex -27.8 20.3 43
      vertex -28.4371 20.2687 43
    endloop
  endfacet
  facet normal 0 0 1
    outer loop
      vertex -19.1924 -4.83527 43
      vertex -34.3 -13.8 43
      vertex -19.1208 -5.12085 43
    endloop
  endfacet
  facet normal 0 0 1
    outer loop
      vertex -34.3 13.8 43
      vertex -28.4371 20.2687 43
      vertex -29.0681 20.1751 43
    endloop
  endfacet
  facet normal 0 0 1
    outer loop
      vertex -18.569 -6.15318 43
      vertex -34.3 -13.8 43
      vertex -27.8 -20.3 43
    endloop
  endfacet
  facet normal 0 0 1
    outer loop
      vertex -34.3 13.8 43
      vertex -29.0681 20.1751 43
      vertex -29.6868 20.0201 43
    endloop
  endfacet
  facet normal 0 0 1
    outer loop
      vertex -27.8 -20.3 43
      vertex -34.3 -13.8 43
      vertex -28.4371 -20.2687 43
    endloop
  endfacet
  facet normal 0 0 1
    outer loop
      vertex -34.3 13.8 43
      vertex -29.6868 20.0201 43
      vertex -30.2874 19.8052 43
    endloop
  endfacet
  facet normal 0 0 1
    outer loop
      vertex -28.4371 -20.2687 43
      vertex -34.3 -13.8 43
      vertex -29.0681 -20.1751 43
    endloop
  endfacet
  facet normal 0 0 1
    outer loop
      vertex -34.3 13.8 43
      vertex -30.2874 19.8052 43
      vertex -30.8641 19.5325 43
    endloop
  endfacet
  facet normal 0 0 1
    outer loop
      vertex -29.0681 -20.1751 43
      vertex -34.3 -13.8 43
      vertex -29.6868 -20.0201 43
    endloop
  endfacet
  facet normal 0 0 1
    outer loop
      vertex -34.3 13.8 43
      vertex -30.8641 19.5325 43
      vertex -31.4112 19.2045 43
    endloop
  endfacet
  facet normal 0 0 1
    outer loop
      vertex -29.6868 -20.0201 43
      vertex -34.3 -13.8 43
      vertex -30.2874 -19.8052 43
    endloop
  endfacet
  facet normal 0 0 1
    outer loop
      vertex -34.3 13.8 43
      vertex -31.4112 19.2045 43
      vertex -31.9235 18.8246 43
    endloop
  endfacet
  facet normal 0 0 1
    outer loop
      vertex -30.2874 -19.8052 43
      vertex -34.3 -13.8 43
      vertex -30.8641 -19.5325 43
    endloop
  endfacet
  facet normal 0 0 1
    outer loop
      vertex -34.3 13.8 43
      vertex -31.9235 18.8246 43
      vertex -32.3962 18.3962 43
    endloop
  endfacet
  facet normal 0 0 1
    outer loop
      vertex -30.8641 -19.5325 43
      vertex -34.3 -13.8 43
      vertex -31.4112 -19.2045 43
    endloop
  endfacet
  facet normal 0 0 1
    outer loop
      vertex -34.3 13.8 43
      vertex -32.3962 18.3962 43
      vertex -32.8246 17.9235 43
    endloop
  endfacet
  facet normal 0 0 1
    outer loop
      vertex -31.4112 -19.2045 43
      vertex -34.3 -13.8 43
      vertex -31.9235 -18.8246 43
    endloop
  endfacet
  facet normal 0 0 1
    outer loop
      vertex -34.3 13.8 43
      vertex -32.8246 17.9235 43
      vertex -33.2045 17.4112 43
    endloop
  endfacet
  facet normal 0 0 1
    outer loop
      vertex -31.9235 -18.8246 43
      vertex -34.3 -13.8 43
      vertex -32.3962 -18.3962 43
    endloop
  endfacet
  facet normal 0 0 1
    outer loop
      vertex -34.3 13.8 43
      vertex -33.2045 17.4112 43
      vertex -33.5325 16.8641 43
    endloop
  endfacet
  facet normal 0 0 1
    outer loop
      vertex -32.3962 -18.3962 43
      vertex -34.3 -13.8 43
      vertex -32.8246 -17.9235 43
    endloop
  endfacet
  facet normal 0 0 1
    outer loop
      vertex -34.3 13.8 43
      vertex -33.5325 16.8641 43
      vertex -33.8052 16.2874 43
    endloop
  endfacet
  facet normal 0 0 1
    outer loop
      vertex -32.8246 -17.9235 43
      vertex -34.3 -13.8 43
      vertex -33.2045 -17.4112 43
    endloop
  endfacet
  facet normal 0 0 1
    outer loop
      vertex -34.3 13.8 43
      vertex -33.8052 16.2874 43
      vertex -34.0201 15.6868 43
    endloop
  endfacet
  facet normal 0 0 1
    outer loop
      vertex -33.2045 -17.4112 43
      vertex -34.3 -13.8 43
      vertex -33.5325 -16.8641 43
    endloop
  endfacet
  facet normal 0 0 1
    outer loop
      vertex -34.3 13.8 43
      vertex -34.0201 15.6868 43
      vertex -34.1751 15.0681 43
    endloop
  endfacet
  facet normal 0 0 1
    outer loop
      vertex -33.5325 -16.8641 43
      vertex -34.3 -13.8 43
      vertex -33.8052 -16.2874 43
    endloop
  endfacet
  facet normal 0 0 1
    outer loop
      vertex -34.3 13.8 43
      vertex -34.1751 15.0681 43
      vertex -34.2687 14.4371 43
    endloop
  endfacet
  facet normal 0 0 1
    outer loop
      vertex -33.8052 -16.2874 43
      vertex -34.3 -13.8 43
      vertex -34.0201 -15.6868 43
    endloop
  endfacet
  facet normal 0 0 1
    outer loop
      vertex -34.0201 -15.6868 43
      vertex -34.3 -13.8 43
      vertex -34.1751 -15.0681 43
    endloop
  endfacet
  facet normal 0 0 1
    outer loop
      vertex -34.1751 -15.0681 43
      vertex -34.3 -13.8 43
      vertex -34.2687 -14.4371 43
    endloop
  endfacet
  facet normal 1 -0 0
    outer loop
      vertex 34.3 -13.8 43
      vertex 34.3 13.8 35
      vertex 34.3 13.8 43
    endloop
  endfacet
  facet normal 1 0 0
    outer loop
      vertex 34.3 13.8 35
      vertex 34.3 -13.8 43
      vertex 34.3 -13.8 35
    endloop
  endfacet
  facet normal -0.857673 0.514196 0
    outer loop
      vertex -33.5325 16.8641 35
      vertex -33.2045 17.4112 43
      vertex -33.2045 17.4112 35
    endloop
  endfacet
  facet normal -0.857673 0.514196 0
    outer loop
      vertex -33.2045 17.4112 43
      vertex -33.5325 16.8641 35
      vertex -33.5325 16.8641 43
    endloop
  endfacet
  facet normal 0.336892 -0.941543 0
    outer loop
      vertex 29.6868 -20.0201 35
      vertex 30.2874 -19.8052 43
      vertex 29.6868 -20.0201 43
    endloop
  endfacet
  facet normal 0.336892 -0.941543 0
    outer loop
      vertex 30.2874 -19.8052 43
      vertex 29.6868 -20.0201 35
      vertex 30.2874 -19.8052 35
    endloop
  endfacet
  facet normal -0.904025 0.42748 0
    outer loop
      vertex -33.8052 16.2874 35
      vertex -33.5325 16.8641 43
      vertex -33.5325 16.8641 35
    endloop
  endfacet
  facet normal -0.904025 0.42748 0
    outer loop
      vertex -33.5325 16.8641 43
      vertex -33.8052 16.2874 35
      vertex -33.8052 16.2874 43
    endloop
  endfacet
  facet normal 0.671533 0.740975 -0
    outer loop
      vertex 32.3962 18.3962 35
      vertex 31.9235 18.8246 43
      vertex 32.3962 18.3962 43
    endloop
  endfacet
  facet normal 0.671533 0.740975 0
    outer loop
      vertex 31.9235 18.8246 43
      vertex 32.3962 18.3962 35
      vertex 31.9235 18.8246 35
    endloop
  endfacet
  facet normal 0.595651 0.803243 -0
    outer loop
      vertex 31.9235 18.8246 35
      vertex 31.4112 19.2045 43
      vertex 31.9235 18.8246 43
    endloop
  endfacet
  facet normal 0.595651 0.803243 0
    outer loop
      vertex 31.4112 19.2045 43
      vertex 31.9235 18.8246 35
      vertex 31.4112 19.2045 35
    endloop
  endfacet
  facet normal -0.904025 -0.42748 0
    outer loop
      vertex -33.5325 -16.8641 35
      vertex -33.8052 -16.2874 43
      vertex -33.8052 -16.2874 35
    endloop
  endfacet
  facet normal -0.904025 -0.42748 0
    outer loop
      vertex -33.8052 -16.2874 43
      vertex -33.5325 -16.8641 35
      vertex -33.5325 -16.8641 43
    endloop
  endfacet
  facet normal 0.904025 0.42748 0
    outer loop
      vertex 33.8052 16.2874 43
      vertex 33.5325 16.8641 35
      vertex 33.5325 16.8641 43
    endloop
  endfacet
  facet normal 0.904025 0.42748 0
    outer loop
      vertex 33.5325 16.8641 35
      vertex 33.8052 16.2874 43
      vertex 33.8052 16.2874 35
    endloop
  endfacet
  facet normal 0.941543 -0.336892 0
    outer loop
      vertex 33.8052 -16.2874 43
      vertex 34.0201 -15.6868 35
      vertex 34.0201 -15.6868 43
    endloop
  endfacet
  facet normal 0.941543 -0.336892 0
    outer loop
      vertex 34.0201 -15.6868 35
      vertex 33.8052 -16.2874 43
      vertex 33.8052 -16.2874 35
    endloop
  endfacet
  facet normal 0.243015 -0.970022 0
    outer loop
      vertex 29.0681 -20.1751 35
      vertex 29.6868 -20.0201 43
      vertex 29.0681 -20.1751 43
    endloop
  endfacet
  facet normal 0.243015 -0.970022 0
    outer loop
      vertex 29.6868 -20.0201 43
      vertex 29.0681 -20.1751 35
      vertex 29.6868 -20.0201 35
    endloop
  endfacet
  facet normal 0.904025 -0.42748 0
    outer loop
      vertex 33.5325 -16.8641 43
      vertex 33.8052 -16.2874 35
      vertex 33.8052 -16.2874 43
    endloop
  endfacet
  facet normal 0.904025 -0.42748 0
    outer loop
      vertex 33.8052 -16.2874 35
      vertex 33.5325 -16.8641 43
      vertex 33.5325 -16.8641 35
    endloop
  endfacet
  facet normal 0.857673 -0.514196 0
    outer loop
      vertex 33.2045 -17.4112 43
      vertex 33.5325 -16.8641 35
      vertex 33.5325 -16.8641 43
    endloop
  endfacet
  facet normal 0.857673 -0.514196 0
    outer loop
      vertex 33.5325 -16.8641 35
      vertex 33.2045 -17.4112 43
      vertex 33.2045 -17.4112 35
    endloop
  endfacet
  facet normal 0.970022 0.243015 0
    outer loop
      vertex 34.1751 15.0681 43
      vertex 34.0201 15.6868 35
      vertex 34.0201 15.6868 43
    endloop
  endfacet
  facet normal 0.970022 0.243015 0
    outer loop
      vertex 34.0201 15.6868 35
      vertex 34.1751 15.0681 43
      vertex 34.1751 15.0681 35
    endloop
  endfacet
  facet normal -0.514121 0.857718 0
    outer loop
      vertex 17.9167 -6.74442 3
      vertex 17.6642 -6.89577 43
      vertex 17.9167 -6.74442 43
    endloop
  endfacet
  facet normal -0.514121 0.857718 0
    outer loop
      vertex 17.6642 -6.89577 43
      vertex 17.9167 -6.74442 3
      vertex 17.6642 -6.89577 3
    endloop
  endfacet
  facet normal 0.336771 -0.941587 0
    outer loop
      vertex -17.3981 7.02164 3
      vertex -17.1208 7.12082 43
      vertex -17.3981 7.02164 43
    endloop
  endfacet
  facet normal 0.336771 -0.941587 0
    outer loop
      vertex -17.1208 7.12082 43
      vertex -17.3981 7.02164 3
      vertex -17.1208 7.12082 3
    endloop
  endfacet
  facet normal 0.671625 -0.740891 0
    outer loop
      vertex -18.3713 6.37132 3
      vertex -18.1532 6.56903 43
      vertex -18.3713 6.37132 43
    endloop
  endfacet
  facet normal 0.671625 -0.740891 0
    outer loop
      vertex -18.1532 6.56903 43
      vertex -18.3713 6.37132 3
      vertex -18.1532 6.56903 3
    endloop
  endfacet
  facet normal 0.427594 -0.903971 0
    outer loop
      vertex -17.6642 6.89577 3
      vertex -17.3981 7.02164 43
      vertex -17.6642 6.89577 43
    endloop
  endfacet
  facet normal 0.427594 -0.903971 0
    outer loop
      vertex -17.3981 7.02164 43
      vertex -17.6642 6.89577 3
      vertex -17.3981 7.02164 3
    endloop
  endfacet
  facet normal -0.336771 -0.941587 0
    outer loop
      vertex 17.1208 7.12082 3
      vertex 17.3981 7.02164 43
      vertex 17.1208 7.12082 43
    endloop
  endfacet
  facet normal -0.336771 -0.941587 -0
    outer loop
      vertex 17.3981 7.02164 43
      vertex 17.1208 7.12082 3
      vertex 17.3981 7.02164 3
    endloop
  endfacet
  facet normal -0.857679 -0.514186 0
    outer loop
      vertex 18.8958 5.66418 3
      vertex 18.7444 5.91672 43
      vertex 18.7444 5.91672 3
    endloop
  endfacet
  facet normal -0.857679 -0.514186 0
    outer loop
      vertex 18.7444 5.91672 43
      vertex 18.8958 5.66418 3
      vertex 18.8958 5.66418 43
    endloop
  endfacet
  facet normal -0.336771 0.941587 0
    outer loop
      vertex 17.3981 -7.02164 3
      vertex 17.1208 -7.12082 43
      vertex 17.3981 -7.02164 43
    endloop
  endfacet
  facet normal -0.336771 0.941587 0
    outer loop
      vertex 17.1208 -7.12082 43
      vertex 17.3981 -7.02164 3
      vertex 17.1208 -7.12082 3
    endloop
  endfacet
  facet normal -0.427594 0.903971 0
    outer loop
      vertex 17.6642 -6.89577 3
      vertex 17.3981 -7.02164 43
      vertex 17.6642 -6.89577 43
    endloop
  endfacet
  facet normal -0.427594 0.903971 0
    outer loop
      vertex 17.3981 -7.02164 43
      vertex 17.6642 -6.89577 3
      vertex 17.3981 -7.02164 3
    endloop
  endfacet
  facet normal -0.146746 0.989174 0
    outer loop
      vertex 16.8353 -7.19235 3
      vertex 16.5441 -7.23555 43
      vertex 16.8353 -7.19235 43
    endloop
  endfacet
  facet normal -0.146746 0.989174 0
    outer loop
      vertex 16.5441 -7.23555 43
      vertex 16.8353 -7.19235 3
      vertex 16.5441 -7.23555 3
    endloop
  endfacet
  facet normal 0.671625 0.740891 -0
    outer loop
      vertex -18.1532 -6.56903 3
      vertex -18.3713 -6.37132 43
      vertex -18.1532 -6.56903 43
    endloop
  endfacet
  facet normal 0.671625 0.740891 0
    outer loop
      vertex -18.3713 -6.37132 43
      vertex -18.1532 -6.56903 3
      vertex -18.3713 -6.37132 3
    endloop
  endfacet
  facet normal 0.94153 0.336928 0
    outer loop
      vertex -19.0216 -5.39806 43
      vertex -19.1208 -5.12085 3
      vertex -19.1208 -5.12085 43
    endloop
  endfacet
  facet normal 0.94153 0.336928 0
    outer loop
      vertex -19.1208 -5.12085 3
      vertex -19.0216 -5.39806 43
      vertex -19.0216 -5.39806 3
    endloop
  endfacet
  facet normal 0.243031 -0.970018 0
    outer loop
      vertex -17.1208 7.12082 3
      vertex -16.8353 7.19235 43
      vertex -17.1208 7.12082 43
    endloop
  endfacet
  facet normal 0.243031 -0.970018 0
    outer loop
      vertex -16.8353 7.19235 43
      vertex -17.1208 7.12082 3
      vertex -16.8353 7.19235 3
    endloop
  endfacet
  facet normal 1 -0 0
    outer loop
      vertex -19.25 -4.25 43
      vertex -19.25 4.25 3
      vertex -19.25 4.25 43
    endloop
  endfacet
  facet normal 1 0 0
    outer loop
      vertex -19.25 4.25 3
      vertex -19.25 -4.25 43
      vertex -19.25 -4.25 3
    endloop
  endfacet
  facet normal 0.80316 0.595764 0
    outer loop
      vertex -18.569 -6.15318 43
      vertex -18.7444 -5.91672 3
      vertex -18.7444 -5.91672 43
    endloop
  endfacet
  facet normal 0.80316 0.595764 0
    outer loop
      vertex -18.7444 -5.91672 3
      vertex -18.569 -6.15318 43
      vertex -18.569 -6.15318 3
    endloop
  endfacet
  facet normal -0.671625 -0.740891 0
    outer loop
      vertex 18.1532 6.56903 3
      vertex 18.3713 6.37132 43
      vertex 18.1532 6.56903 43
    endloop
  endfacet
  facet normal -0.671625 -0.740891 -0
    outer loop
      vertex 18.3713 6.37132 43
      vertex 18.1532 6.56903 3
      vertex 18.3713 6.37132 3
    endloop
  endfacet
  facet normal 0.146746 -0.989174 0
    outer loop
      vertex -16.8353 7.19235 3
      vertex -16.5441 7.23555 43
      vertex -16.8353 7.19235 43
    endloop
  endfacet
  facet normal 0.146746 -0.989174 0
    outer loop
      vertex -16.5441 7.23555 43
      vertex -16.8353 7.19235 3
      vertex -16.5441 7.23555 3
    endloop
  endfacet
  facet normal -0.740969 0.671539 0
    outer loop
      vertex 18.3713 -6.37132 3
      vertex 18.569 -6.15318 43
      vertex 18.569 -6.15318 3
    endloop
  endfacet
  facet normal -0.740969 0.671539 0
    outer loop
      vertex 18.569 -6.15318 43
      vertex 18.3713 -6.37132 3
      vertex 18.3713 -6.37132 43
    endloop
  endfacet
  facet normal -0.243031 -0.970018 0
    outer loop
      vertex 16.8353 7.19235 3
      vertex 17.1208 7.12082 43
      vertex 16.8353 7.19235 43
    endloop
  endfacet
  facet normal -0.243031 -0.970018 -0
    outer loop
      vertex 17.1208 7.12082 43
      vertex 16.8353 7.19235 3
      vertex 17.1208 7.12082 3
    endloop
  endfacet
  facet normal 0 1 -0
    outer loop
      vertex 16.25 -7.25 3
      vertex -16.25 -7.25 43
      vertex 16.25 -7.25 43
    endloop
  endfacet
  facet normal 0 1 0
    outer loop
      vertex -16.25 -7.25 43
      vertex 16.25 -7.25 3
      vertex -16.25 -7.25 3
    endloop
  endfacet
  facet normal 0.904075 0.427374 0
    outer loop
      vertex -18.8958 -5.66418 43
      vertex -19.0216 -5.39806 3
      vertex -19.0216 -5.39806 43
    endloop
  endfacet
  facet normal 0.904075 0.427374 0
    outer loop
      vertex -19.0216 -5.39806 3
      vertex -18.8958 -5.66418 43
      vertex -18.8958 -5.66418 3
    endloop
  endfacet
  facet normal -0.989225 0.146403 0
    outer loop
      vertex 19.1924 -4.83527 3
      vertex 19.2355 -4.54405 43
      vertex 19.2355 -4.54405 3
    endloop
  endfacet
  facet normal -0.989225 0.146403 0
    outer loop
      vertex 19.2355 -4.54405 43
      vertex 19.1924 -4.83527 3
      vertex 19.1924 -4.83527 43
    endloop
  endfacet
  facet normal -0.0490738 0.998795 0
    outer loop
      vertex 16.5441 -7.23555 3
      vertex 16.25 -7.25 43
      vertex 16.5441 -7.23555 43
    endloop
  endfacet
  facet normal -0.0490738 0.998795 0
    outer loop
      vertex 16.25 -7.25 43
      vertex 16.5441 -7.23555 3
      vertex 16.25 -7.25 3
    endloop
  endfacet
  facet normal 0 -1 0
    outer loop
      vertex -16.25 7.25 3
      vertex 16.25 7.25 43
      vertex -16.25 7.25 43
    endloop
  endfacet
  facet normal 0 -1 -0
    outer loop
      vertex 16.25 7.25 43
      vertex -16.25 7.25 3
      vertex 16.25 7.25 3
    endloop
  endfacet
  facet normal -0.0490738 -0.998795 0
    outer loop
      vertex 16.25 7.25 3
      vertex 16.5441 7.23555 43
      vertex 16.25 7.25 43
    endloop
  endfacet
  facet normal -0.0490738 -0.998795 -0
    outer loop
      vertex 16.5441 7.23555 43
      vertex 16.25 7.25 3
      vertex 16.5441 7.23555 3
    endloop
  endfacet
  facet normal -0.243031 0.970018 0
    outer loop
      vertex 17.1208 -7.12082 3
      vertex 16.8353 -7.19235 43
      vertex 17.1208 -7.12082 43
    endloop
  endfacet
  facet normal -0.243031 0.970018 0
    outer loop
      vertex 16.8353 -7.19235 43
      vertex 17.1208 -7.12082 3
      vertex 16.8353 -7.19235 3
    endloop
  endfacet
  facet normal 0.740969 -0.671539 0
    outer loop
      vertex -18.569 6.15318 43
      vertex -18.3713 6.37132 3
      vertex -18.3713 6.37132 43
    endloop
  endfacet
  facet normal 0.740969 -0.671539 0
    outer loop
      vertex -18.3713 6.37132 3
      vertex -18.569 6.15318 43
      vertex -18.569 6.15318 3
    endloop
  endfacet
  facet normal 0.0490738 0.998795 -0
    outer loop
      vertex -16.25 -7.25 3
      vertex -16.5441 -7.23555 43
      vertex -16.25 -7.25 43
    endloop
  endfacet
  facet normal 0.0490738 0.998795 0
    outer loop
      vertex -16.5441 -7.23555 43
      vertex -16.25 -7.25 3
      vertex -16.5441 -7.23555 3
    endloop
  endfacet
  facet normal -1 0 0
    outer loop
      vertex 19.25 -4.25 3
      vertex 19.25 4.25 43
      vertex 19.25 4.25 3
    endloop
  endfacet
  facet normal -1 -0 0
    outer loop
      vertex 19.25 4.25 43
      vertex 19.25 -4.25 3
      vertex 19.25 -4.25 43
    endloop
  endfacet
  facet normal 0.243031 0.970018 -0
    outer loop
      vertex -16.8353 -7.19235 3
      vertex -17.1208 -7.12082 43
      vertex -16.8353 -7.19235 43
    endloop
  endfacet
  facet normal 0.243031 0.970018 0
    outer loop
      vertex -17.1208 -7.12082 43
      vertex -16.8353 -7.19235 3
      vertex -17.1208 -7.12082 3
    endloop
  endfacet
  facet normal 0.857679 -0.514186 0
    outer loop
      vertex -18.8958 5.66418 43
      vertex -18.7444 5.91672 3
      vertex -18.7444 5.91672 43
    endloop
  endfacet
  facet normal 0.857679 -0.514186 0
    outer loop
      vertex -18.7444 5.91672 3
      vertex -18.8958 5.66418 43
      vertex -18.8958 5.66418 3
    endloop
  endfacet
  facet normal 0.989225 0.146403 0
    outer loop
      vertex -19.1924 -4.83527 43
      vertex -19.2355 -4.54405 3
      vertex -19.2355 -4.54405 43
    endloop
  endfacet
  facet normal 0.989225 0.146403 0
    outer loop
      vertex -19.2355 -4.54405 3
      vertex -19.1924 -4.83527 43
      vertex -19.1924 -4.83527 3
    endloop
  endfacet
  facet normal 0.336771 0.941587 -0
    outer loop
      vertex -17.1208 -7.12082 3
      vertex -17.3981 -7.02164 43
      vertex -17.1208 -7.12082 43
    endloop
  endfacet
  facet normal 0.336771 0.941587 0
    outer loop
      vertex -17.3981 -7.02164 43
      vertex -17.1208 -7.12082 3
      vertex -17.3981 -7.02164 3
    endloop
  endfacet
  facet normal 0.146746 0.989174 -0
    outer loop
      vertex -16.5441 -7.23555 3
      vertex -16.8353 -7.19235 43
      vertex -16.5441 -7.23555 43
    endloop
  endfacet
  facet normal 0.146746 0.989174 0
    outer loop
      vertex -16.8353 -7.19235 43
      vertex -16.5441 -7.23555 3
      vertex -16.8353 -7.19235 3
    endloop
  endfacet
  facet normal 0.969978 -0.243191 0
    outer loop
      vertex -19.1924 4.83527 43
      vertex -19.1208 5.12085 3
      vertex -19.1208 5.12085 43
    endloop
  endfacet
  facet normal 0.969978 -0.243191 0
    outer loop
      vertex -19.1208 5.12085 3
      vertex -19.1924 4.83527 43
      vertex -19.1924 4.83527 3
    endloop
  endfacet
  facet normal 0.514121 -0.857718 0
    outer loop
      vertex -17.9167 6.74442 3
      vertex -17.6642 6.89577 43
      vertex -17.9167 6.74442 43
    endloop
  endfacet
  facet normal 0.514121 -0.857718 0
    outer loop
      vertex -17.6642 6.89577 43
      vertex -17.9167 6.74442 3
      vertex -17.6642 6.89577 3
    endloop
  endfacet
  facet normal 0.998786 -0.0492515 0
    outer loop
      vertex -19.25 4.25 43
      vertex -19.2355 4.54405 3
      vertex -19.2355 4.54405 43
    endloop
  endfacet
  facet normal 0.998786 -0.0492515 0
    outer loop
      vertex -19.2355 4.54405 3
      vertex -19.25 4.25 43
      vertex -19.25 4.25 3
    endloop
  endfacet
  facet normal -0.146746 -0.989174 0
    outer loop
      vertex 16.5441 7.23555 3
      vertex 16.8353 7.19235 43
      vertex 16.5441 7.23555 43
    endloop
  endfacet
  facet normal -0.146746 -0.989174 -0
    outer loop
      vertex 16.8353 7.19235 43
      vertex 16.5441 7.23555 3
      vertex 16.8353 7.19235 3
    endloop
  endfacet
  facet normal 0.0490738 -0.998795 0
    outer loop
      vertex -16.5441 7.23555 3
      vertex -16.25 7.25 43
      vertex -16.5441 7.23555 43
    endloop
  endfacet
  facet normal 0.0490738 -0.998795 0
    outer loop
      vertex -16.25 7.25 43
      vertex -16.5441 7.23555 3
      vertex -16.25 7.25 3
    endloop
  endfacet
  facet normal 0.94153 -0.336928 0
    outer loop
      vertex -19.1208 5.12085 43
      vertex -19.0216 5.39806 3
      vertex -19.0216 5.39806 43
    endloop
  endfacet
  facet normal 0.94153 -0.336928 0
    outer loop
      vertex -19.0216 5.39806 3
      vertex -19.1208 5.12085 43
      vertex -19.1208 5.12085 3
    endloop
  endfacet
  facet normal 0.80316 -0.595764 0
    outer loop
      vertex -18.7444 5.91672 43
      vertex -18.569 6.15318 3
      vertex -18.569 6.15318 43
    endloop
  endfacet
  facet normal 0.80316 -0.595764 0
    outer loop
      vertex -18.569 6.15318 3
      vertex -18.7444 5.91672 43
      vertex -18.7444 5.91672 3
    endloop
  endfacet
  facet normal 0.989225 -0.146403 0
    outer loop
      vertex -19.2355 4.54405 43
      vertex -19.1924 4.83527 3
      vertex -19.1924 4.83527 43
    endloop
  endfacet
  facet normal 0.989225 -0.146403 0
    outer loop
      vertex -19.1924 4.83527 3
      vertex -19.2355 4.54405 43
      vertex -19.2355 4.54405 3
    endloop
  endfacet
  facet normal -0.989225 -0.146403 0
    outer loop
      vertex 19.2355 4.54405 3
      vertex 19.1924 4.83527 43
      vertex 19.1924 4.83527 3
    endloop
  endfacet
  facet normal -0.989225 -0.146403 0
    outer loop
      vertex 19.1924 4.83527 43
      vertex 19.2355 4.54405 3
      vertex 19.2355 4.54405 43
    endloop
  endfacet
  facet normal -0.595677 -0.803224 0
    outer loop
      vertex 17.9167 6.74442 3
      vertex 18.1532 6.56903 43
      vertex 17.9167 6.74442 43
    endloop
  endfacet
  facet normal -0.595677 -0.803224 -0
    outer loop
      vertex 18.1532 6.56903 43
      vertex 17.9167 6.74442 3
      vertex 18.1532 6.56903 3
    endloop
  endfacet
  facet normal 0.969978 0.243191 0
    outer loop
      vertex -19.1208 -5.12085 43
      vertex -19.1924 -4.83527 3
      vertex -19.1924 -4.83527 43
    endloop
  endfacet
  facet normal 0.969978 0.243191 0
    outer loop
      vertex -19.1924 -4.83527 3
      vertex -19.1208 -5.12085 43
      vertex -19.1208 -5.12085 3
    endloop
  endfacet
  facet normal -0.998786 -0.0492515 0
    outer loop
      vertex 19.25 4.25 3
      vertex 19.2355 4.54405 43
      vertex 19.2355 4.54405 3
    endloop
  endfacet
  facet normal -0.998786 -0.0492515 0
    outer loop
      vertex 19.2355 4.54405 43
      vertex 19.25 4.25 3
      vertex 19.25 4.25 43
    endloop
  endfacet
  facet normal 0.427594 0.903971 -0
    outer loop
      vertex -17.3981 -7.02164 3
      vertex -17.6642 -6.89577 43
      vertex -17.3981 -7.02164 43
    endloop
  endfacet
  facet normal 0.427594 0.903971 0
    outer loop
      vertex -17.6642 -6.89577 43
      vertex -17.3981 -7.02164 3
      vertex -17.6642 -6.89577 3
    endloop
  endfacet
  facet normal 0.595677 -0.803224 0
    outer loop
      vertex -18.1532 6.56903 3
      vertex -17.9167 6.74442 43
      vertex -18.1532 6.56903 43
    endloop
  endfacet
  facet normal 0.595677 -0.803224 0
    outer loop
      vertex -17.9167 6.74442 43
      vertex -18.1532 6.56903 3
      vertex -17.9167 6.74442 3
    endloop
  endfacet
  facet normal -0.857679 0.514186 0
    outer loop
      vertex 18.7444 -5.91672 3
      vertex 18.8958 -5.66418 43
      vertex 18.8958 -5.66418 3
    endloop
  endfacet
  facet normal -0.857679 0.514186 0
    outer loop
      vertex 18.8958 -5.66418 43
      vertex 18.7444 -5.91672 3
      vertex 18.7444 -5.91672 43
    endloop
  endfacet
  facet normal -0.904075 0.427374 0
    outer loop
      vertex 18.8958 -5.66418 3
      vertex 19.0216 -5.39806 43
      vertex 19.0216 -5.39806 3
    endloop
  endfacet
  facet normal -0.904075 0.427374 0
    outer loop
      vertex 19.0216 -5.39806 43
      vertex 18.8958 -5.66418 3
      vertex 18.8958 -5.66418 43
    endloop
  endfacet
  facet normal 0.595677 0.803224 -0
    outer loop
      vertex -17.9167 -6.74442 3
      vertex -18.1532 -6.56903 43
      vertex -17.9167 -6.74442 43
    endloop
  endfacet
  facet normal 0.595677 0.803224 0
    outer loop
      vertex -18.1532 -6.56903 43
      vertex -17.9167 -6.74442 3
      vertex -18.1532 -6.56903 3
    endloop
  endfacet
  facet normal 0.857679 0.514186 0
    outer loop
      vertex -18.7444 -5.91672 43
      vertex -18.8958 -5.66418 3
      vertex -18.8958 -5.66418 43
    endloop
  endfacet
  facet normal 0.857679 0.514186 0
    outer loop
      vertex -18.8958 -5.66418 3
      vertex -18.7444 -5.91672 43
      vertex -18.7444 -5.91672 3
    endloop
  endfacet
  facet normal -0.80316 0.595764 0
    outer loop
      vertex 18.569 -6.15318 3
      vertex 18.7444 -5.91672 43
      vertex 18.7444 -5.91672 3
    endloop
  endfacet
  facet normal -0.80316 0.595764 0
    outer loop
      vertex 18.7444 -5.91672 43
      vertex 18.569 -6.15318 3
      vertex 18.569 -6.15318 43
    endloop
  endfacet
  facet normal 0.998786 0.0492515 0
    outer loop
      vertex -19.2355 -4.54405 43
      vertex -19.25 -4.25 3
      vertex -19.25 -4.25 43
    endloop
  endfacet
  facet normal 0.998786 0.0492515 0
    outer loop
      vertex -19.25 -4.25 3
      vertex -19.2355 -4.54405 43
      vertex -19.2355 -4.54405 3
    endloop
  endfacet
  facet normal -0.595677 0.803224 0
    outer loop
      vertex 18.1532 -6.56903 3
      vertex 17.9167 -6.74442 43
      vertex 18.1532 -6.56903 43
    endloop
  endfacet
  facet normal -0.595677 0.803224 0
    outer loop
      vertex 17.9167 -6.74442 43
      vertex 18.1532 -6.56903 3
      vertex 17.9167 -6.74442 3
    endloop
  endfacet
  facet normal -0.904075 -0.427374 0
    outer loop
      vertex 19.0216 5.39806 3
      vertex 18.8958 5.66418 43
      vertex 18.8958 5.66418 3
    endloop
  endfacet
  facet normal -0.904075 -0.427374 0
    outer loop
      vertex 18.8958 5.66418 43
      vertex 19.0216 5.39806 3
      vertex 19.0216 5.39806 43
    endloop
  endfacet
  facet normal 0.904075 -0.427374 0
    outer loop
      vertex -19.0216 5.39806 43
      vertex -18.8958 5.66418 3
      vertex -18.8958 5.66418 43
    endloop
  endfacet
  facet normal 0.904075 -0.427374 0
    outer loop
      vertex -18.8958 5.66418 3
      vertex -19.0216 5.39806 43
      vertex -19.0216 5.39806 3
    endloop
  endfacet
  facet normal 0.514121 0.857718 -0
    outer loop
      vertex -17.6642 -6.89577 3
      vertex -17.9167 -6.74442 43
      vertex -17.6642 -6.89577 43
    endloop
  endfacet
  facet normal 0.514121 0.857718 0
    outer loop
      vertex -17.9167 -6.74442 43
      vertex -17.6642 -6.89577 3
      vertex -17.9167 -6.74442 3
    endloop
  endfacet
  facet normal 0 0 1
    outer loop
      vertex 16.25 7.25 3
      vertex 19.25 4.25 3
      vertex 19.2355 4.54405 3
    endloop
  endfacet
  facet normal 0 0 1
    outer loop
      vertex 19.25 4.25 3
      vertex 16.25 7.25 3
      vertex 19.25 -4.25 3
    endloop
  endfacet
  facet normal 0 0 1
    outer loop
      vertex 16.25 7.25 3
      vertex 19.2355 4.54405 3
      vertex 19.1924 4.83527 3
    endloop
  endfacet
  facet normal 0 0 1
    outer loop
      vertex 16.25 -7.25 3
      vertex 19.25 -4.25 3
      vertex 16.25 7.25 3
    endloop
  endfacet
  facet normal 0 0 1
    outer loop
      vertex 16.25 7.25 3
      vertex 19.1924 4.83527 3
      vertex 19.1208 5.12085 3
    endloop
  endfacet
  facet normal 0 0 1
    outer loop
      vertex 19.25 -4.25 3
      vertex 16.25 -7.25 3
      vertex 19.2355 -4.54405 3
    endloop
  endfacet
  facet normal 0 0 1
    outer loop
      vertex 16.25 7.25 3
      vertex 19.1208 5.12085 3
      vertex 19.0216 5.39806 3
    endloop
  endfacet
  facet normal 0 0 1
    outer loop
      vertex 19.2355 -4.54405 3
      vertex 16.25 -7.25 3
      vertex 19.1924 -4.83527 3
    endloop
  endfacet
  facet normal 0 0 1
    outer loop
      vertex 16.25 7.25 3
      vertex 19.0216 5.39806 3
      vertex 18.8958 5.66418 3
    endloop
  endfacet
  facet normal 0 0 1
    outer loop
      vertex 19.1924 -4.83527 3
      vertex 16.25 -7.25 3
      vertex 19.1208 -5.12085 3
    endloop
  endfacet
  facet normal 0 0 1
    outer loop
      vertex 16.25 7.25 3
      vertex 18.8958 5.66418 3
      vertex 18.7444 5.91672 3
    endloop
  endfacet
  facet normal 0 0 1
    outer loop
      vertex 19.1208 -5.12085 3
      vertex 16.25 -7.25 3
      vertex 19.0216 -5.39806 3
    endloop
  endfacet
  facet normal 0 0 1
    outer loop
      vertex 16.25 7.25 3
      vertex 18.7444 5.91672 3
      vertex 18.569 6.15318 3
    endloop
  endfacet
  facet normal 0 0 1
    outer loop
      vertex 19.0216 -5.39806 3
      vertex 16.25 -7.25 3
      vertex 18.8958 -5.66418 3
    endloop
  endfacet
  facet normal 0 0 1
    outer loop
      vertex 16.25 7.25 3
      vertex 18.569 6.15318 3
      vertex 18.3713 6.37132 3
    endloop
  endfacet
  facet normal 0 0 1
    outer loop
      vertex 18.8958 -5.66418 3
      vertex 16.25 -7.25 3
      vertex 18.7444 -5.91672 3
    endloop
  endfacet
  facet normal 0 0 1
    outer loop
      vertex 16.25 7.25 3
      vertex 18.3713 6.37132 3
      vertex 18.1532 6.56903 3
    endloop
  endfacet
  facet normal 0 0 1
    outer loop
      vertex 18.7444 -5.91672 3
      vertex 16.25 -7.25 3
      vertex 18.569 -6.15318 3
    endloop
  endfacet
  facet normal 0 0 1
    outer loop
      vertex 16.25 7.25 3
      vertex 18.1532 6.56903 3
      vertex 17.9167 6.74442 3
    endloop
  endfacet
  facet normal 0 0 1
    outer loop
      vertex 18.569 -6.15318 3
      vertex 16.25 -7.25 3
      vertex 18.3713 -6.37132 3
    endloop
  endfacet
  facet normal 0 0 1
    outer loop
      vertex 16.25 7.25 3
      vertex 17.9167 6.74442 3
      vertex 17.6642 6.89577 3
    endloop
  endfacet
  facet normal 0 0 1
    outer loop
      vertex 18.3713 -6.37132 3
      vertex 16.25 -7.25 3
      vertex 18.1532 -6.56903 3
    endloop
  endfacet
  facet normal 0 0 1
    outer loop
      vertex 16.25 7.25 3
      vertex 17.6642 6.89577 3
      vertex 17.3981 7.02164 3
    endloop
  endfacet
  facet normal 0 0 1
    outer loop
      vertex 18.1532 -6.56903 3
      vertex 16.25 -7.25 3
      vertex 17.9167 -6.74442 3
    endloop
  endfacet
  facet normal 0 0 1
    outer loop
      vertex 16.25 7.25 3
      vertex 17.3981 7.02164 3
      vertex 17.1208 7.12082 3
    endloop
  endfacet
  facet normal 0 0 1
    outer loop
      vertex 17.9167 -6.74442 3
      vertex 16.25 -7.25 3
      vertex 17.6642 -6.89577 3
    endloop
  endfacet
  facet normal 0 0 1
    outer loop
      vertex 16.25 7.25 3
      vertex 17.1208 7.12082 3
      vertex 16.8353 7.19235 3
    endloop
  endfacet
  facet normal 0 0 1
    outer loop
      vertex 17.6642 -6.89577 3
      vertex 16.25 -7.25 3
      vertex 17.3981 -7.02164 3
    endloop
  endfacet
  facet normal 0 0 1
    outer loop
      vertex 16.25 7.25 3
      vertex 16.8353 7.19235 3
      vertex 16.5441 7.23555 3
    endloop
  endfacet
  facet normal 0 0 1
    outer loop
      vertex 17.3981 -7.02164 3
      vertex 16.25 -7.25 3
      vertex 17.1208 -7.12082 3
    endloop
  endfacet
  facet normal 0 0 1
    outer loop
      vertex 17.1208 -7.12082 3
      vertex 16.25 -7.25 3
      vertex 16.8353 -7.19235 3
    endloop
  endfacet
  facet normal 0 0 1
    outer loop
      vertex 16.8353 -7.19235 3
      vertex 16.25 -7.25 3
      vertex 16.5441 -7.23555 3
    endloop
  endfacet
  facet normal -0 0 1
    outer loop
      vertex -16.25 7.25 3
      vertex 16.25 -7.25 3
      vertex 16.25 7.25 3
    endloop
  endfacet
  facet normal 0 0 1
    outer loop
      vertex -16.25 7.25 3
      vertex -16.25 -7.25 3
      vertex 16.25 -7.25 3
    endloop
  endfacet
  facet normal 0 0 1
    outer loop
      vertex -19.25 4.25 3
      vertex -16.25 7.25 3
      vertex -16.5441 7.23555 3
    endloop
  endfacet
  facet normal 0 0 1
    outer loop
      vertex -16.25 7.25 3
      vertex -19.25 4.25 3
      vertex -16.25 -7.25 3
    endloop
  endfacet
  facet normal 0 0 1
    outer loop
      vertex -19.25 4.25 3
      vertex -16.5441 7.23555 3
      vertex -16.8353 7.19235 3
    endloop
  endfacet
  facet normal -0 0 1
    outer loop
      vertex -19.25 -4.25 3
      vertex -16.25 -7.25 3
      vertex -19.25 4.25 3
    endloop
  endfacet
  facet normal 0 0 1
    outer loop
      vertex -19.25 4.25 3
      vertex -16.8353 7.19235 3
      vertex -17.1208 7.12082 3
    endloop
  endfacet
  facet normal 0 0 1
    outer loop
      vertex -16.25 -7.25 3
      vertex -19.25 -4.25 3
      vertex -16.5441 -7.23555 3
    endloop
  endfacet
  facet normal 0 0 1
    outer loop
      vertex -19.25 4.25 3
      vertex -17.1208 7.12082 3
      vertex -17.3981 7.02164 3
    endloop
  endfacet
  facet normal 0 0 1
    outer loop
      vertex -16.5441 -7.23555 3
      vertex -19.25 -4.25 3
      vertex -16.8353 -7.19235 3
    endloop
  endfacet
  facet normal 0 0 1
    outer loop
      vertex -19.25 4.25 3
      vertex -17.3981 7.02164 3
      vertex -17.6642 6.89577 3
    endloop
  endfacet
  facet normal 0 0 1
    outer loop
      vertex -16.8353 -7.19235 3
      vertex -19.25 -4.25 3
      vertex -17.1208 -7.12082 3
    endloop
  endfacet
  facet normal 0 0 1
    outer loop
      vertex -19.25 4.25 3
      vertex -17.6642 6.89577 3
      vertex -17.9167 6.74442 3
    endloop
  endfacet
  facet normal 0 0 1
    outer loop
      vertex -17.1208 -7.12082 3
      vertex -19.25 -4.25 3
      vertex -17.3981 -7.02164 3
    endloop
  endfacet
  facet normal 0 0 1
    outer loop
      vertex -19.25 4.25 3
      vertex -17.9167 6.74442 3
      vertex -18.1532 6.56903 3
    endloop
  endfacet
  facet normal 0 0 1
    outer loop
      vertex -17.3981 -7.02164 3
      vertex -19.25 -4.25 3
      vertex -17.6642 -6.89577 3
    endloop
  endfacet
  facet normal 0 0 1
    outer loop
      vertex -19.25 4.25 3
      vertex -18.1532 6.56903 3
      vertex -18.3713 6.37132 3
    endloop
  endfacet
  facet normal 0 0 1
    outer loop
      vertex -17.6642 -6.89577 3
      vertex -19.25 -4.25 3
      vertex -17.9167 -6.74442 3
    endloop
  endfacet
  facet normal 0 0 1
    outer loop
      vertex -19.25 4.25 3
      vertex -18.3713 6.37132 3
      vertex -18.569 6.15318 3
    endloop
  endfacet
  facet normal 0 0 1
    outer loop
      vertex -17.9167 -6.74442 3
      vertex -19.25 -4.25 3
      vertex -18.1532 -6.56903 3
    endloop
  endfacet
  facet normal 0 0 1
    outer loop
      vertex -19.25 4.25 3
      vertex -18.569 6.15318 3
      vertex -18.7444 5.91672 3
    endloop
  endfacet
  facet normal 0 0 1
    outer loop
      vertex -18.1532 -6.56903 3
      vertex -19.25 -4.25 3
      vertex -18.3713 -6.37132 3
    endloop
  endfacet
  facet normal 0 0 1
    outer loop
      vertex -19.25 4.25 3
      vertex -18.7444 5.91672 3
      vertex -18.8958 5.66418 3
    endloop
  endfacet
  facet normal 0 0 1
    outer loop
      vertex -18.3713 -6.37132 3
      vertex -19.25 -4.25 3
      vertex -18.569 -6.15318 3
    endloop
  endfacet
  facet normal 0 0 1
    outer loop
      vertex -19.25 4.25 3
      vertex -18.8958 5.66418 3
      vertex -19.0216 5.39806 3
    endloop
  endfacet
  facet normal 0 0 1
    outer loop
      vertex -18.569 -6.15318 3
      vertex -19.25 -4.25 3
      vertex -18.7444 -5.91672 3
    endloop
  endfacet
  facet normal 0 0 1
    outer loop
      vertex -19.25 4.25 3
      vertex -19.0216 5.39806 3
      vertex -19.1208 5.12085 3
    endloop
  endfacet
  facet normal 0 0 1
    outer loop
      vertex -18.7444 -5.91672 3
      vertex -19.25 -4.25 3
      vertex -18.8958 -5.66418 3
    endloop
  endfacet
  facet normal 0 0 1
    outer loop
      vertex -19.25 4.25 3
      vertex -19.1208 5.12085 3
      vertex -19.1924 4.83527 3
    endloop
  endfacet
  facet normal 0 0 1
    outer loop
      vertex -18.8958 -5.66418 3
      vertex -19.25 -4.25 3
      vertex -19.0216 -5.39806 3
    endloop
  endfacet
  facet normal 0 0 1
    outer loop
      vertex -19.25 4.25 3
      vertex -19.1924 4.83527 3
      vertex -19.2355 4.54405 3
    endloop
  endfacet
  facet normal 0 0 1
    outer loop
      vertex -19.0216 -5.39806 3
      vertex -19.25 -4.25 3
      vertex -19.1208 -5.12085 3
    endloop
  endfacet
  facet normal 0 0 1
    outer loop
      vertex -19.1208 -5.12085 3
      vertex -19.25 -4.25 3
      vertex -19.1924 -4.83527 3
    endloop
  endfacet
  facet normal 0 0 1
    outer loop
      vertex -19.1924 -4.83527 3
      vertex -19.25 -4.25 3
      vertex -19.2355 -4.54405 3
    endloop
  endfacet
  facet normal -0.969978 -0.243191 0
    outer loop
      vertex 19.1924 4.83527 3
      vertex 19.1208 5.12085 43
      vertex 19.1208 5.12085 3
    endloop
  endfacet
  facet normal -0.969978 -0.243191 0
    outer loop
      vertex 19.1208 5.12085 43
      vertex 19.1924 4.83527 3
      vertex 19.1924 4.83527 43
    endloop
  endfacet
  facet normal -0.998786 0.0492515 0
    outer loop
      vertex 19.2355 -4.54405 3
      vertex 19.25 -4.25 43
      vertex 19.25 -4.25 3
    endloop
  endfacet
  facet normal -0.998786 0.0492515 0
    outer loop
      vertex 19.25 -4.25 43
      vertex 19.2355 -4.54405 3
      vertex 19.2355 -4.54405 43
    endloop
  endfacet
  facet normal -0.94153 -0.336928 0
    outer loop
      vertex 19.1208 5.12085 3
      vertex 19.0216 5.39806 43
      vertex 19.0216 5.39806 3
    endloop
  endfacet
  facet normal -0.94153 -0.336928 0
    outer loop
      vertex 19.0216 5.39806 43
      vertex 19.1208 5.12085 3
      vertex 19.1208 5.12085 43
    endloop
  endfacet
  facet normal -0.514121 -0.857718 0
    outer loop
      vertex 17.6642 6.89577 3
      vertex 17.9167 6.74442 43
      vertex 17.6642 6.89577 43
    endloop
  endfacet
  facet normal -0.514121 -0.857718 -0
    outer loop
      vertex 17.9167 6.74442 43
      vertex 17.6642 6.89577 3
      vertex 17.9167 6.74442 3
    endloop
  endfacet
  facet normal -0.671625 0.740891 0
    outer loop
      vertex 18.3713 -6.37132 3
      vertex 18.1532 -6.56903 43
      vertex 18.3713 -6.37132 43
    endloop
  endfacet
  facet normal -0.671625 0.740891 0
    outer loop
      vertex 18.1532 -6.56903 43
      vertex 18.3713 -6.37132 3
      vertex 18.1532 -6.56903 3
    endloop
  endfacet
  facet normal -0.80316 -0.595764 0
    outer loop
      vertex 18.7444 5.91672 3
      vertex 18.569 6.15318 43
      vertex 18.569 6.15318 3
    endloop
  endfacet
  facet normal -0.80316 -0.595764 0
    outer loop
      vertex 18.569 6.15318 43
      vertex 18.7444 5.91672 3
      vertex 18.7444 5.91672 43
    endloop
  endfacet
  facet normal -0.427594 -0.903971 0
    outer loop
      vertex 17.3981 7.02164 3
      vertex 17.6642 6.89577 43
      vertex 17.3981 7.02164 43
    endloop
  endfacet
  facet normal -0.427594 -0.903971 -0
    outer loop
      vertex 17.6642 6.89577 43
      vertex 17.3981 7.02164 3
      vertex 17.6642 6.89577 3
    endloop
  endfacet
  facet normal -0.740969 -0.671539 0
    outer loop
      vertex 18.569 6.15318 3
      vertex 18.3713 6.37132 43
      vertex 18.3713 6.37132 3
    endloop
  endfacet
  facet normal -0.740969 -0.671539 0
    outer loop
      vertex 18.3713 6.37132 43
      vertex 18.569 6.15318 3
      vertex 18.569 6.15318 43
    endloop
  endfacet
  facet normal 0.740969 0.671539 0
    outer loop
      vertex -18.3713 -6.37132 43
      vertex -18.569 -6.15318 3
      vertex -18.569 -6.15318 43
    endloop
  endfacet
  facet normal 0.740969 0.671539 0
    outer loop
      vertex -18.569 -6.15318 3
      vertex -18.3713 -6.37132 43
      vertex -18.3713 -6.37132 3
    endloop
  endfacet
  facet normal -0.94153 0.336928 0
    outer loop
      vertex 19.0216 -5.39806 3
      vertex 19.1208 -5.12085 43
      vertex 19.1208 -5.12085 3
    endloop
  endfacet
  facet normal -0.94153 0.336928 0
    outer loop
      vertex 19.1208 -5.12085 43
      vertex 19.0216 -5.39806 3
      vertex 19.0216 -5.39806 43
    endloop
  endfacet
  facet normal -0.969978 0.243191 0
    outer loop
      vertex 19.1208 -5.12085 3
      vertex 19.1924 -4.83527 43
      vertex 19.1924 -4.83527 3
    endloop
  endfacet
  facet normal -0.969978 0.243191 0
    outer loop
      vertex 19.1924 -4.83527 43
      vertex 19.1208 -5.12085 3
      vertex 19.1208 -5.12085 43
    endloop
  endfacet
endsolid OpenSCAD_Model
